VRN,EntryDate,EntryTime,ExitDate,ExitTime,Balance,InCarpark
FD23NFR,2023-11-01,05:50:58,2023-11-01,16:15:10,12.3,False
FP06SAP,2023-11-01,08:38:26,2023-11-01,20:17:05,13.8,False
NF04OEG,2023-11-01,05:34:28,2023-11-01,22:15:29,19.8,False
OS05KNR,2023-11-01,13:38:23,2023-11-01,14:37:44,0.9,False
NF22RKC,2023-11-01,06:00:10,2023-11-01,11:04:41,6.0,False
ME65NBD,2023-11-01,05:56:29,2023-11-01,09:27:00,4.2,False
KP51SQT,2023-11-01,05:49:47,2023-11-01,19:50:54,16.8,False
VT64CBG,2023-11-01,06:54:26,2023-11-01,14:29:31,9.0,False
VP11PBM,2023-11-01,06:01:19,2023-11-01,18:20:48,14.7,False
HA60IDW,2023-11-01,10:28:25,2023-11-01,15:15:29,5.7,False
LN62CBO,2023-11-01,13:35:14,2023-11-01,16:22:37,3.3,False
AF66DAS,2023-11-01,17:08:02,2023-11-01,20:29:27,3.9,False
DW68TNB,2023-11-01,07:11:53,2023-11-01,11:02:26,4.5,False
CB18GOP,2023-11-01,12:36:45,2023-11-01,13:04:31,0.3,False
SK03LXI,2023-11-01,06:15:44,2023-11-01,13:41:45,8.7,False
EM62VOH,2023-11-01,14:12:46,2023-11-01,14:29:34,0.3,False
RF21ETP,2023-11-01,09:56:58,2023-11-01,16:09:46,7.2,False
CP08QDC,2023-11-01,07:56:31,2023-11-01,15:04:08,8.4,False
OU73FOR,2023-11-01,06:38:02,2023-11-01,15:11:40,10.2,False
MT66WAA,2023-11-01,05:56:07,2023-11-01,18:31:26,15.0,False
OT66RDJ,2023-11-01,11:04:30,2023-11-01,20:26:45,11.1,False
BP64LOR,2023-11-01,17:25:39,2023-11-01,22:13:37,5.7,False
RO69FBZ,2023-11-01,16:03:07,2023-11-01,20:40:37,5.4,False
PD01IFI,2023-11-01,17:15:38,2023-11-01,17:46:20,0.6,False
NF13YHP,2023-11-01,05:35:53,2023-11-01,16:26:51,12.9,False
NG58PFR,2023-11-01,08:55:15,2023-11-01,15:48:14,8.1,False
CX02ZGH,2023-11-01,10:25:13,2023-11-01,12:58:57,3.0,False
LY57SWJ,2023-11-01,11:43:24,2023-11-01,19:41:05,9.3,False
FC03GTG,2023-11-01,12:57:59,2023-11-01,17:47:11,5.7,False
AJ57QKM,2023-11-01,12:56:09,2023-11-01,21:41:37,10.5,False
CS19SEI,2023-11-01,13:03:01,2023-11-01,13:42:51,0.6,False
HV66CFD,2023-11-01,07:27:47,2023-11-01,14:14:35,8.1,False
NK59SPY,2023-11-01,06:29:59,2023-11-01,07:22:23,0.9,False
KA10HEG,2023-11-01,13:23:48,2023-11-01,16:29:02,3.6,False
AO17HBI,2023-11-01,19:14:52,2023-11-01,21:10:06,2.1,False
AK07ZLO,2023-11-01,11:35:21,2023-11-01,13:48:37,2.4,False
RH05VCX,2023-11-01,13:15:10,2023-11-01,16:04:59,3.3,False
HH58VXJ,2023-11-01,18:14:52,2023-11-01,19:21:28,1.2,False
HO60YWP,2023-11-01,13:51:02,2023-11-01,18:48:53,5.7,False
LE10HKZ,2023-11-01,16:25:51,2023-11-01,19:18:27,3.3,False
YS66VWV,2023-11-01,09:58:53,2023-11-01,21:09:58,13.2,False
CC13ONE,2023-11-01,07:44:22,2023-11-01,11:10:18,3.9,False
FW54HQC,2023-11-01,08:05:59,2023-11-01,13:50:59,6.9,False
GX68GFJ,2023-11-01,13:23:43,2023-11-01,19:27:03,7.2,False
WB15NZV,2023-11-01,19:05:15,2023-11-01,19:19:35,0.3,False
MX09FOU,2023-11-01,08:26:53,2023-11-01,11:16:40,3.3,False
AC59XUF,2023-11-01,10:42:32,2023-11-01,17:37:39,8.1,False
OA58JVP,2023-11-01,08:14:32,2023-11-01,10:37:18,2.7,False
WG61VGC,2023-11-01,20:05:29,2023-11-01,20:38:43,0.6,False
SM63DNY,2023-11-02,06:33:35,2023-11-02,18:04:12,13.8,False
AK07ZLO,2023-11-02,08:24:36,2023-11-02,16:43:54,9.9,False
PX61WFP,2023-11-02,14:16:53,2023-11-02,17:39:29,3.9,False
RH05VCX,2023-11-02,13:21:23,2023-11-02,14:51:13,1.5,False
WX09ZTU,2023-11-02,13:54:12,2023-11-02,16:43:18,3.3,False
CC66LJS,2023-11-02,10:04:11,2023-11-02,10:48:05,0.6,False
FC03GTG,2023-11-02,11:12:18,2023-11-02,17:12:35,7.2,False
VC21KDW,2023-11-02,17:58:55,2023-11-02,21:54:00,4.5,False
OU73FOR,2023-11-02,06:41:21,2023-11-02,21:15:37,17.4,False
NV09ZHO,2023-11-02,11:23:13,2023-11-02,13:20:58,2.1,False
FD71GXN,2023-11-02,12:41:03,2023-11-02,16:06:50,3.9,False
FY64ISE,2023-11-02,11:43:52,2023-11-02,21:41:52,11.7,False
VP11PBM,2023-11-02,10:53:15,2023-11-02,21:23:39,12.6,False
GP70ZSF,2023-11-02,10:30:30,2023-11-02,12:25:36,2.1,False
NL02ZGL,2023-11-02,07:53:23,2023-11-02,19:50:13,14.1,False
FC11JAL,2023-11-02,14:47:26,2023-11-02,17:28:19,3.0,False
FY64ISE,2023-11-02,12:51:42,2023-11-02,13:16:29,0.3,False
EC03CIP,2023-11-02,05:31:27,2023-11-02,07:04:44,1.8,False
LK51ZCM,2023-11-02,12:45:07,2023-11-02,13:25:10,0.6,False
FW57CWZ,2023-11-02,09:51:04,2023-11-02,19:25:55,11.4,False
NF04OEG,2023-11-02,15:47:37,2023-11-02,22:04:46,7.5,False
CP08QDC,2023-11-02,11:09:20,2023-11-02,19:15:34,9.6,False
AL09QFC,2023-11-02,06:23:41,2023-11-02,10:36:11,4.8,False
AO17HBI,2023-11-02,06:44:31,2023-11-02,17:51:18,13.2,False
YT07LQY,2023-11-02,07:06:24,2023-11-02,09:20:39,2.4,False
VT64CBG,2023-11-02,08:11:53,2023-11-02,17:02:18,10.5,False
NF05ESL,2023-11-02,17:49:24,2023-11-02,20:27:01,3.0,False
PL19ZWF,2023-11-02,05:46:26,2023-11-02,08:04:48,2.7,False
KP51SQT,2023-11-02,14:04:43,2023-11-02,17:46:44,4.2,False
DN16LEK,2023-11-02,20:11:07,2023-11-02,22:09:18,2.1,False
RO69FBZ,2023-11-02,07:29:43,2023-11-02,21:11:32,16.2,False
PL19ZWF,2023-11-02,19:38:11,2023-11-02,19:38:54,0.3,False
EM62VOH,2023-11-02,10:00:22,2023-11-02,11:09:14,1.2,False
FC03GTG,2023-11-02,14:08:50,2023-11-02,18:34:54,5.1,False
KA10HEG,2023-11-02,11:48:08,2023-11-02,15:55:17,4.8,False
AA06USS,2023-11-02,10:57:27,2023-11-02,18:44:33,9.3,False
PD06INR,2023-11-02,13:55:56,2023-11-02,19:07:25,6.0,False
CC13ONE,2023-11-02,18:13:12,2023-11-02,18:34:01,0.3,False
NG58PFR,2023-11-02,13:43:30,2023-11-02,16:53:56,3.6,False
SS17QRK,2023-11-02,12:02:18,2023-11-02,21:29:20,11.1,False
MV51JEC,2023-11-02,20:14:34,2023-11-02,20:58:52,0.6,False
DV52YGL,2023-11-02,21:07:27,2023-11-02,22:09:40,1.2,False
VS60XCF,2023-11-02,05:55:12,2023-11-02,11:55:02,6.9,False
PT54TOV,2023-11-02,09:19:12,2023-11-02,13:52:46,5.4,False
PT54TOV,2023-11-02,05:55:47,2023-11-02,07:53:46,2.1,False
FG13AWO,2023-11-02,10:36:56,2023-11-02,15:05:22,5.1,False
RN18VIG,2023-11-02,13:49:06,2023-11-02,19:43:26,6.9,False
AP15URV,2023-11-02,11:57:38,2023-11-02,21:49:48,11.7,False
RO69FBZ,2023-11-02,11:08:24,2023-11-02,18:58:42,9.3,False
HW71QNV,2023-11-03,06:09:39,2023-11-03,06:17:34,0.3,False
NO03UFJ,2023-11-03,08:04:13,2023-11-03,08:46:30,0.6,False
AL09QFC,2023-11-03,19:21:58,2023-11-03,19:52:17,0.6,False
PX61WFP,2023-11-03,05:43:54,2023-11-03,11:40:37,6.9,False
NF04OEG,2023-11-03,14:26:40,2023-11-03,20:47:00,7.5,False
RO69FBZ,2023-11-03,07:20:35,2023-11-03,10:48:08,3.9,False
WL73ZUM,2023-11-03,06:37:25,2023-11-03,10:03:38,3.9,False
CC13ONE,2023-11-03,16:39:14,2023-11-03,17:47:16,1.2,False
KH67UOZ,2023-11-03,13:25:21,2023-11-03,15:38:11,2.4,False
WB15NZV,2023-11-03,09:24:35,2023-11-03,12:19:40,3.3,False
NV09ZHO,2023-11-03,16:58:08,2023-11-03,19:30:21,3.0,False
WC65OKS,2023-11-03,16:13:27,2023-11-03,22:11:12,6.9,False
GX60KUR,2023-11-03,06:26:40,2023-11-03,17:16:38,12.9,False
SD57IKC,2023-11-03,07:53:05,2023-11-03,15:47:10,9.3,False
RO57WKG,2023-11-03,14:28:21,2023-11-03,16:31:47,2.4,False
AN03ZMK,2023-11-03,16:15:16,2023-11-03,19:36:11,3.9,False
AP15URV,2023-11-03,15:32:27,2023-11-03,20:09:15,5.4,False
OS05KNR,2023-11-03,07:23:46,2023-11-03,21:07:04,16.2,False
ED02ZUS,2023-11-03,10:58:41,2023-11-03,13:59:30,3.6,False
OB73GLY,2023-11-03,12:46:12,2023-11-03,21:16:20,10.2,False
AJ54QOW,2023-11-03,07:12:17,2023-11-03,07:36:41,0.3,False
RB23SYH,2023-11-03,10:41:03,2023-11-03,11:15:16,0.6,False
FT56EZK,2023-11-03,05:52:17,2023-11-03,11:24:14,6.6,False
FB57QVG,2023-11-03,13:10:27,2023-11-03,14:14:44,1.2,False
OD56KIH,2023-11-03,05:42:12,2023-11-03,13:49:02,9.6,False
EJ17WZJ,2023-11-03,07:40:02,2023-11-03,16:14:00,10.2,False
SV18SXF,2023-11-03,06:45:02,2023-11-03,18:40:45,14.1,False
RN16YUY,2023-11-03,08:02:45,2023-11-03,14:33:40,7.8,False
OF13KSV,2023-11-03,15:07:53,2023-11-03,18:01:09,3.3,False
RA55NBT,2023-11-03,15:34:52,2023-11-03,18:06:57,3.0,False
OE23GXB,2023-11-03,08:35:52,2023-11-03,17:52:12,11.1,False
NH04MTN,2023-11-03,06:34:31,2023-11-03,20:14:24,16.2,False
RJ56TOY,2023-11-03,06:23:14,2023-11-03,08:11:20,2.1,False
GA72SQW,2023-11-03,06:59:08,2023-11-03,18:42:57,13.8,False
PA59KQB,2023-11-03,15:42:04,2023-11-03,21:05:55,6.3,False
AL72UPF,2023-11-03,08:36:00,2023-11-03,09:37:12,1.2,False
KO69IWF,2023-11-03,19:20:56,2023-11-03,20:42:45,1.5,False
KR63XUQ,2023-11-03,19:26:28,2023-11-03,20:20:29,0.9,False
FB57QVG,2023-11-03,08:09:51,2023-11-03,16:30:22,9.9,False
RO69FBZ,2023-11-03,16:36:36,2023-11-03,20:37:37,4.8,False
WU52WNQ,2023-11-03,05:38:10,2023-11-03,12:13:15,7.8,False
LB05XTR,2023-11-03,07:13:59,2023-11-03,13:41:40,7.5,False
VO10CCH,2023-11-03,15:53:11,2023-11-03,16:25:11,0.6,False
LW22LEX,2023-11-03,12:58:02,2023-11-03,16:28:46,4.2,False
GP70ZSF,2023-11-03,09:39:53,2023-11-03,20:53:08,13.2,False
KX72PDC,2023-11-03,17:48:11,2023-11-03,22:13:54,5.1,False
AL72UPF,2023-11-03,18:18:27,2023-11-03,21:29:29,3.6,False
GA72SQW,2023-11-03,13:15:59,2023-11-03,22:14:21,10.5,False
AN08VXF,2023-11-03,16:31:28,2023-11-03,17:16:25,0.6,False
LB05XTR,2023-11-04,10:02:28,2023-11-04,15:07:48,6.0,False
OF13KSV,2023-11-04,06:58:47,2023-11-04,18:15:42,13.5,False
SV21RBJ,2023-11-04,05:34:23,2023-11-04,16:52:46,13.5,False
VP11PBM,2023-11-04,11:13:34,2023-11-04,17:22:49,7.2,False
DL03OUU,2023-11-04,09:31:24,2023-11-04,10:10:19,0.6,False
RC05DSU,2023-11-04,06:15:07,2023-11-04,16:59:26,12.6,False
PT02XXZ,2023-11-04,18:35:50,2023-11-04,22:29:36,4.5,False
BJ22EPW,2023-11-04,09:04:06,2023-11-04,16:25:17,8.7,False
GN57UCB,2023-11-04,08:17:10,2023-11-04,22:22:23,16.8,False
LU04ROF,2023-11-04,16:49:56,2023-11-04,19:37:23,3.3,False
FL19ZZD,2023-11-04,13:18:07,2023-11-04,20:11:49,8.1,False
LN62CBO,2023-11-04,08:01:12,2023-11-04,08:53:42,0.9,False
BN63WZM,2023-11-04,10:30:09,2023-11-04,14:12:57,4.2,False
EM62VOH,2023-11-04,06:13:51,2023-11-04,10:23:41,4.8,False
PY60SPM,2023-11-04,07:54:49,2023-11-04,16:36:16,10.2,False
FL19ZZD,2023-11-04,08:32:30,2023-11-04,12:51:11,5.1,False
SC63PJJ,2023-11-04,17:28:21,2023-11-04,21:22:33,4.5,False
AK07ZLO,2023-11-04,15:09:08,2023-11-04,22:23:27,8.4,False
WP21VJI,2023-11-04,09:56:34,2023-11-04,19:02:44,10.8,False
AK17YHL,2023-11-04,08:24:24,2023-11-04,09:51:27,1.5,False
GN11MUY,2023-11-04,07:36:25,2023-11-04,07:40:22,0.3,False
GG12TOK,2023-11-04,10:41:09,2023-11-04,19:56:25,11.1,False
WA09BJD,2023-11-04,11:19:59,2023-11-04,14:18:12,3.3,False
CC13ONE,2023-11-04,14:17:02,2023-11-04,19:06:05,5.7,False
AN08VXF,2023-11-04,20:24:55,2023-11-04,20:30:03,0.3,False
RO57WKG,2023-11-04,11:56:09,2023-11-04,15:31:53,4.2,False
WC58GLA,2023-11-04,10:09:46,2023-11-04,22:12:42,14.4,False
RO69FBZ,2023-11-04,06:44:31,2023-11-04,13:31:48,8.1,False
BY19GAG,2023-11-04,19:48:17,2023-11-04,19:59:50,0.3,False
VW20MUG,2023-11-04,08:45:25,2023-11-04,13:15:40,5.4,False
OA58FOW,2023-11-04,13:31:42,2023-11-04,21:36:28,9.6,False
YF59AJM,2023-11-04,07:24:39,2023-11-04,15:23:13,9.3,False
VB53EEG,2023-11-04,16:55:42,2023-11-04,21:15:48,5.1,False
NF04OEG,2023-11-04,12:58:03,2023-11-04,18:50:42,6.9,False
YF59AJM,2023-11-04,06:50:25,2023-11-04,09:46:12,3.3,False
WC64BBK,2023-11-04,12:01:50,2023-11-04,15:59:47,4.5,False
WJ18XRZ,2023-11-04,09:47:37,2023-11-04,10:16:25,0.3,False
GH59UKJ,2023-11-04,10:07:05,2023-11-04,17:28:44,8.7,False
HY57MDT,2023-11-04,07:59:15,2023-11-04,08:25:54,0.3,False
GH59UKJ,2023-11-04,10:15:02,2023-11-04,18:06:37,9.3,False
PT54TOV,2023-11-04,07:28:35,2023-11-04,20:16:34,15.3,False
DJ64QSC,2023-11-04,07:22:20,2023-11-04,12:54:31,6.6,False
KV56BNV,2023-11-04,05:33:26,2023-11-04,10:13:11,5.4,False
VN58KPR,2023-11-04,05:46:44,2023-11-04,18:00:07,14.4,False
NP23YKM,2023-11-04,12:44:56,2023-11-04,15:25:35,3.0,False
AL09QFC,2023-11-04,07:27:18,2023-11-04,18:38:40,13.2,False
YM68RWQ,2023-11-04,11:53:17,2023-11-04,18:21:07,7.5,False
BN63WZM,2023-11-04,06:53:40,2023-11-04,18:42:50,14.1,False
OF13KSV,2023-11-04,06:26:46,2023-11-04,19:43:46,15.9,False
DW68TNB,2023-11-05,07:28:43,2023-11-05,20:48:04,15.9,False
SO63CWM,2023-11-05,06:51:55,2023-11-05,17:43:47,12.9,False
VA55LKC,2023-11-05,10:48:02,2023-11-05,15:15:24,5.1,False
CP08QDC,2023-11-05,08:18:07,2023-11-05,16:18:04,9.3,False
EM62VOH,2023-11-05,10:45:10,2023-11-05,18:13:14,8.7,False
YR57PQS,2023-11-05,13:10:29,2023-11-05,16:51:45,4.2,False
VR09AWG,2023-11-05,12:33:19,2023-11-05,17:14:32,5.4,False
AT73BMK,2023-11-05,13:20:09,2023-11-05,16:31:27,3.6,False
EE18MRN,2023-11-05,06:08:00,2023-11-05,18:40:20,15.0,False
PD06INR,2023-11-05,16:01:48,2023-11-05,20:17:09,5.1,False
BD60FTD,2023-11-05,19:21:54,2023-11-05,21:31:46,2.4,False
OE06ZBG,2023-11-05,20:14:58,2023-11-05,22:03:32,2.1,False
AC59XUF,2023-11-05,06:36:39,2023-11-05,06:42:15,0.3,False
CC13ONE,2023-11-05,07:02:02,2023-11-05,12:34:01,6.6,False
DP57ZUF,2023-11-05,07:02:48,2023-11-05,14:49:40,9.3,False
NU53DGX,2023-11-05,08:33:39,2023-11-05,11:04:44,3.0,False
LE70EZN,2023-11-05,08:16:34,2023-11-05,10:50:26,3.0,False
EO68LTN,2023-11-05,11:13:35,2023-11-05,19:07:23,9.3,False
LN65UMM,2023-11-05,17:40:46,2023-11-05,21:06:45,3.9,False
CV13IJB,2023-11-05,06:22:20,2023-11-05,11:13:31,5.7,False
RS72ICM,2023-11-05,18:04:58,2023-11-05,20:12:37,2.4,False
YG05LJR,2023-11-05,11:30:07,2023-11-05,14:16:07,3.3,False
DG14JWL,2023-11-05,09:36:53,2023-11-05,12:47:52,3.6,False
BG13XHP,2023-11-05,18:19:48,2023-11-05,21:21:07,3.6,False
RN16YUY,2023-11-05,11:09:31,2023-11-05,19:15:31,9.6,False
EJ17WZJ,2023-11-05,08:58:57,2023-11-05,19:10:37,12.0,False
FX51JVW,2023-11-05,12:13:08,2023-11-05,22:02:52,11.7,False
MP03GDV,2023-11-05,13:23:57,2023-11-05,20:01:10,7.8,False
CB73RXV,2023-11-05,10:32:46,2023-11-05,12:04:46,1.8,False
CB73RXV,2023-11-05,16:19:47,2023-11-05,21:34:55,6.3,False
DD14FXM,2023-11-05,10:03:05,2023-11-05,18:56:36,10.5,False
KT12MQY,2023-11-05,14:45:24,2023-11-05,17:19:04,3.0,False
NF05ESL,2023-11-05,14:39:15,2023-11-05,22:06:10,8.7,False
AP56HUG,2023-11-05,08:11:12,2023-11-05,18:19:37,12.0,False
KA10HEG,2023-11-05,15:52:31,2023-11-05,19:16:24,3.9,False
PD01IFI,2023-11-05,05:35:56,2023-11-05,18:10:45,15.0,False
VY59TJY,2023-11-05,06:27:29,2023-11-05,12:23:44,6.9,False
RK10GOK,2023-11-05,09:12:15,2023-11-05,21:55:10,15.0,False
LH65PTO,2023-11-05,12:31:20,2023-11-05,18:17:04,6.9,False
VR09AWG,2023-11-05,07:12:55,2023-11-05,20:43:16,16.2,False
FT56EZK,2023-11-05,16:21:03,2023-11-05,20:12:18,4.5,False
FY68HJF,2023-11-05,11:57:43,2023-11-05,19:49:44,9.3,False
WV51WTS,2023-11-05,17:26:29,2023-11-05,18:00:37,0.6,False
AL72UPF,2023-11-05,16:36:50,2023-11-05,17:08:18,0.6,False
LU04ROF,2023-11-05,16:36:27,2023-11-05,21:50:16,6.0,False
YF59AJM,2023-11-05,06:08:21,2023-11-05,19:01:56,15.3,False
OM63TNO,2023-11-05,11:36:14,2023-11-05,15:42:43,4.8,False
LS56BQV,2023-11-05,09:31:27,2023-11-05,15:01:26,6.3,False
RN18VIG,2023-11-05,09:17:29,2023-11-05,19:05:58,11.7,False
GX15ZXJ,2023-11-06,07:47:04,2023-11-06,10:05:30,2.7,False
HB04NKR,2023-11-06,11:16:20,2023-11-06,12:20:12,1.2,False
DW68TNB,2023-11-06,16:06:13,2023-11-06,18:36:32,3.0,False
BJ22EPW,2023-11-06,06:31:57,2023-11-06,15:43:15,10.8,False
NF04OEG,2023-11-06,05:41:50,2023-11-06,20:27:14,17.7,False
BO07WTQ,2023-11-06,18:26:49,2023-11-06,20:33:17,2.4,False
NO63QEL,2023-11-06,06:15:49,2023-11-06,12:28:22,7.2,False
PD18MKX,2023-11-06,12:34:10,2023-11-06,17:18:21,5.4,False
YT20ELH,2023-11-06,13:07:30,2023-11-06,22:20:55,10.8,False
DW54CVU,2023-11-06,18:19:35,2023-11-06,22:25:21,4.8,False
AJ57QKM,2023-11-06,12:21:17,2023-11-06,16:13:30,4.5,False
AO17HBI,2023-11-06,08:03:16,2023-11-06,15:26:40,8.7,False
PT02XXZ,2023-11-06,05:46:05,2023-11-06,21:09:43,18.3,False
AK07ZLO,2023-11-06,08:54:57,2023-11-06,09:12:49,0.3,False
VR09AWG,2023-11-06,09:06:50,2023-11-06,15:07:13,7.2,False
EM62VOH,2023-11-06,10:42:32,2023-11-06,13:19:37,3.0,False
NL02ZGL,2023-11-06,12:31:37,2023-11-06,13:02:35,0.6,False
HF21PQE,2023-11-06,15:25:17,2023-11-06,15:39:47,0.3,False
DN16LEK,2023-11-06,07:07:46,2023-11-06,12:32:18,6.3,False
MW70MXK,2023-11-06,12:02:27,2023-11-06,13:07:06,1.2,False
NC07RSX,2023-11-06,13:09:03,2023-11-06,22:29:41,11.1,False
EM62VOH,2023-11-06,11:25:14,2023-11-06,16:14:32,5.7,False
MP03GDV,2023-11-06,08:30:35,2023-11-06,09:33:50,1.2,False
DG19PMU,2023-11-06,06:43:35,2023-11-06,20:12:51,15.9,False
SC19CIS,2023-11-06,07:02:16,2023-11-06,19:58:47,15.3,False
DD14FXM,2023-11-06,12:57:59,2023-11-06,13:39:36,0.6,False
CE02VQC,2023-11-06,17:19:08,2023-11-06,18:36:28,1.5,False
CL58OXM,2023-11-06,08:34:58,2023-11-06,10:33:14,2.1,False
VL59XWZ,2023-11-06,07:16:23,2023-11-06,15:07:36,9.3,False
AC59XUF,2023-11-06,05:54:33,2023-11-06,09:51:47,4.5,False
SN10MBR,2023-11-06,08:57:32,2023-11-06,20:04:42,13.2,False
OS05KNR,2023-11-06,07:29:39,2023-11-06,17:38:21,12.0,False
PT02XXZ,2023-11-06,11:51:44,2023-11-06,15:10:42,3.9,False
DA16XXK,2023-11-06,11:10:34,2023-11-06,18:19:15,8.4,False
DX67BSA,2023-11-06,12:11:07,2023-11-06,21:21:05,10.8,False
WX09ZTU,2023-11-06,15:49:30,2023-11-06,19:34:07,4.2,False
RY17YWI,2023-11-06,13:52:29,2023-11-06,21:35:12,9.0,False
MV51JEC,2023-11-06,11:25:48,2023-11-06,13:23:29,2.1,False
AU19YWR,2023-11-06,07:56:08,2023-11-06,13:33:44,6.6,False
KX17RTP,2023-11-06,08:14:15,2023-11-06,21:30:02,15.9,False
RR59RIR,2023-11-06,16:36:43,2023-11-06,16:53:13,0.3,False
PS58VEP,2023-11-06,15:25:22,2023-11-06,20:37:46,6.0,False
WJ18XRZ,2023-11-06,12:59:40,2023-11-06,15:08:13,2.4,False
AN12JCL,2023-11-06,06:55:47,2023-11-06,15:08:50,9.6,False
RC69HEN,2023-11-06,10:49:34,2023-11-06,20:02:10,10.8,False
RX71USM,2023-11-06,19:14:16,2023-11-06,21:42:19,2.7,False
ML23VXF,2023-11-06,12:49:17,2023-11-06,21:28:41,10.2,False
WK22KPW,2023-11-06,07:18:19,2023-11-06,17:34:20,12.3,False
PX61WFP,2023-11-06,07:46:17,2023-11-06,13:30:51,6.6,False
FJ62RPH,2023-11-07,07:47:17,2023-11-07,15:24:14,9.0,False
SH58MTC,2023-11-07,13:11:52,2023-11-07,19:26:20,7.2,False
FB57QVG,2023-11-07,06:26:29,2023-11-07,14:19:55,9.3,False
WM06EXK,2023-11-07,10:55:06,2023-11-07,16:53:23,6.9,False
WA65JKU,2023-11-07,10:51:24,2023-11-07,15:50:23,5.7,False
DN16LEK,2023-11-07,07:55:46,2023-11-07,19:41:18,14.1,False
CS18VMY,2023-11-07,16:21:09,2023-11-07,17:06:35,0.9,False
DV16QAC,2023-11-07,10:21:44,2023-11-07,14:08:47,4.5,False
WJ18XRZ,2023-11-07,09:13:29,2023-11-07,16:07:01,8.1,False
BR51XWJ,2023-11-07,07:54:06,2023-11-07,21:20:36,15.9,False
NT23DAU,2023-11-07,07:38:47,2023-11-07,21:44:10,16.8,False
AU19YWR,2023-11-07,10:57:32,2023-11-07,20:25:18,11.1,False
RK10GOK,2023-11-07,12:55:51,2023-11-07,21:04:28,9.6,False
EM18ORY,2023-11-07,06:53:17,2023-11-07,20:18:43,15.9,False
LR08VTF,2023-11-07,06:38:45,2023-11-07,07:28:13,0.9,False
MT66WAA,2023-11-07,10:20:15,2023-11-07,14:16:34,4.5,False
EF55NQO,2023-11-07,18:36:16,2023-11-07,21:43:57,3.6,False
BB11PEG,2023-11-07,14:18:08,2023-11-07,18:15:58,4.5,False
BO07WTQ,2023-11-07,15:34:08,2023-11-07,16:17:02,0.6,False
NX21LOF,2023-11-07,17:34:28,2023-11-07,20:39:53,3.6,False
AC16LJB,2023-11-07,09:11:18,2023-11-07,19:51:46,12.6,False
KT12MQY,2023-11-07,11:57:23,2023-11-07,21:16:00,11.1,False
AN03ZMK,2023-11-07,08:44:59,2023-11-07,22:20:39,16.2,False
SN02JRY,2023-11-07,13:17:13,2023-11-07,16:50:01,4.2,False
RY62QJB,2023-11-07,06:37:15,2023-11-07,17:35:59,12.9,False
LJ08YOF,2023-11-07,14:14:01,2023-11-07,16:14:22,2.4,False
GX15ZXJ,2023-11-07,08:55:53,2023-11-07,19:53:38,12.9,False
NC20APJ,2023-11-07,15:37:33,2023-11-07,19:28:52,4.5,False
BD60FTD,2023-11-07,12:24:25,2023-11-07,14:30:20,2.4,False
PN68QUL,2023-11-07,05:45:22,2023-11-07,13:38:18,9.3,False
NO63QEL,2023-11-07,12:51:09,2023-11-07,21:52:45,10.8,False
AN12JCL,2023-11-07,06:56:59,2023-11-07,19:57:55,15.6,False
GE63GIA,2023-11-07,08:40:10,2023-11-07,09:46:32,1.2,False
NC20APJ,2023-11-07,07:26:00,2023-11-07,11:04:16,4.2,False
WX09ZTU,2023-11-07,07:44:22,2023-11-07,12:53:25,6.0,False
RM63AFS,2023-11-07,09:10:46,2023-11-07,16:00:01,8.1,False
MT66WAA,2023-11-07,10:33:06,2023-11-07,20:57:53,12.3,False
HW71QNV,2023-11-07,10:01:24,2023-11-07,11:47:04,2.1,False
GY57MLY,2023-11-07,10:53:49,2023-11-07,17:33:26,7.8,False
GH66EWV,2023-11-07,11:20:39,2023-11-07,17:34:57,7.2,False
PN58DWF,2023-11-07,07:44:27,2023-11-07,15:32:32,9.3,False
CC13ONE,2023-11-07,07:10:29,2023-11-07,11:17:08,4.8,False
SX21CUK,2023-11-07,08:35:31,2023-11-07,17:52:51,11.1,False
BT64QFX,2023-11-07,06:55:36,2023-11-07,22:24:16,18.3,False
CE02VQC,2023-11-07,12:21:10,2023-11-07,19:33:45,8.4,False
KR66UCW,2023-11-07,13:10:06,2023-11-07,18:36:11,6.3,False
RM54QMF,2023-11-07,13:23:41,2023-11-07,17:24:22,4.8,False
VR09AWG,2023-11-07,14:39:22,2023-11-07,16:25:31,2.1,False
FY68HJF,2023-11-07,17:09:34,2023-11-07,19:38:08,2.7,False
FD23NFR,2023-11-08,10:17:37,2023-11-08,13:56:23,4.2,False
FW57CWZ,2023-11-08,14:02:03,2023-11-08,14:58:27,0.9,False
PL19ZWF,2023-11-08,14:47:22,2023-11-08,18:51:28,4.8,False
DA01ZRO,2023-11-08,11:01:29,2023-11-08,19:14:04,9.6,False
PX61WFP,2023-11-08,16:33:21,2023-11-08,18:00:54,1.5,False
PA11RFW,2023-11-08,06:32:49,2023-11-08,07:14:21,0.6,False
LR67YXQ,2023-11-08,07:41:38,2023-11-08,12:44:41,6.0,False
VM18ZQZ,2023-11-08,07:21:15,2023-11-08,09:40:03,2.7,False
GC22AMA,2023-11-08,06:23:52,2023-11-08,10:43:27,5.1,False
AS60CAR,2023-11-08,05:54:24,2023-11-08,08:46:36,3.3,False
DT22VKI,2023-11-08,17:16:02,2023-11-08,21:21:44,4.8,False
KR66UCW,2023-11-08,09:45:32,2023-11-08,21:33:29,14.1,False
NG58PFR,2023-11-08,06:37:55,2023-11-08,07:57:41,1.5,False
DG52CJO,2023-11-08,13:00:55,2023-11-08,15:12:40,2.4,False
DN16LEK,2023-11-08,12:08:39,2023-11-08,17:16:03,6.0,False
RO08TJJ,2023-11-08,17:05:40,2023-11-08,21:34:51,5.1,False
MP03GDV,2023-11-08,05:34:38,2023-11-08,22:00:22,19.5,False
RS72ICM,2023-11-08,16:26:56,2023-11-08,17:59:30,1.8,False
SC07PER,2023-11-08,06:06:11,2023-11-08,06:14:12,0.3,False
CT59QLL,2023-11-08,10:00:25,2023-11-08,17:16:28,8.7,False
GO14PGX,2023-11-08,11:23:19,2023-11-08,12:45:56,1.5,False
PE65TLH,2023-11-08,07:26:52,2023-11-08,12:07:08,5.4,False
DW68TNB,2023-11-08,12:56:32,2023-11-08,13:00:27,0.3,False
WV51WTS,2023-11-08,09:40:26,2023-11-08,12:43:31,3.6,False
NH16HAZ,2023-11-08,07:06:23,2023-11-08,15:28:21,9.9,False
CD68ZTD,2023-11-08,09:10:27,2023-11-08,16:43:28,9.0,False
DJ64QSC,2023-11-08,05:50:11,2023-11-08,08:14:41,2.7,False
ME23CTH,2023-11-08,12:01:09,2023-11-08,12:21:26,0.3,False
BW06HEU,2023-11-08,14:47:39,2023-11-08,14:53:17,0.3,False
MC22ZPN,2023-11-08,09:02:29,2023-11-08,11:03:40,2.4,False
CB17QME,2023-11-08,18:21:54,2023-11-08,19:47:36,1.5,False
FL64HIO,2023-11-08,09:00:12,2023-11-08,16:43:50,9.0,False
ER02UKM,2023-11-08,08:20:44,2023-11-08,19:58:37,13.8,False
VP14WMP,2023-11-08,08:14:13,2023-11-08,19:11:37,12.9,False
KC08FHB,2023-11-08,10:03:44,2023-11-08,20:34:02,12.6,False
WK69DHN,2023-11-08,11:24:23,2023-11-08,13:36:19,2.4,False
KC08FHB,2023-11-08,12:42:48,2023-11-08,17:40:11,5.7,False
OJ14DMZ,2023-11-08,12:47:55,2023-11-08,18:07:28,6.3,False
FD23NFR,2023-11-08,13:19:33,2023-11-08,21:30:58,9.6,False
RJ15CJQ,2023-11-08,05:39:58,2023-11-08,17:43:38,14.4,False
GL70RHX,2023-11-08,09:14:17,2023-11-08,19:18:56,12.0,False
NJ69TNL,2023-11-08,12:31:25,2023-11-08,16:46:48,5.1,False
FX71WLC,2023-11-08,17:45:55,2023-11-08,18:41:55,0.9,False
WM19JMX,2023-11-08,07:48:48,2023-11-08,11:27:41,4.2,False
KP51SQT,2023-11-08,16:08:20,2023-11-08,18:27:47,2.7,False
BO07WTQ,2023-11-08,11:39:00,2023-11-08,12:48:20,1.2,False
YF69IBO,2023-11-08,09:16:04,2023-11-08,18:16:21,10.8,False
NF04OEG,2023-11-08,11:04:27,2023-11-08,19:34:38,10.2,False
PG16EUZ,2023-11-08,09:45:47,2023-11-08,18:16:35,10.2,False
KX71BGX,2023-11-09,05:55:07,2023-11-09,17:18:14,13.5,False
CD55BOH,2023-11-09,07:02:05,2023-11-09,21:05:47,16.8,False
NT64GVJ,2023-11-09,08:57:12,2023-11-09,13:46:54,5.7,False
NF04OEG,2023-11-09,12:34:03,2023-11-09,19:42:17,8.4,False
SA53GBG,2023-11-09,06:48:20,2023-11-09,19:03:02,14.4,False
NE69AEB,2023-11-09,06:28:35,2023-11-09,20:21:32,16.5,False
AH23JAV,2023-11-09,09:20:47,2023-11-09,14:34:13,6.0,False
FD71GXN,2023-11-09,17:20:31,2023-11-09,18:53:47,1.8,False
FD51SNK,2023-11-09,14:59:17,2023-11-09,22:14:54,8.7,False
GY57MLY,2023-11-09,05:53:42,2023-11-09,22:06:49,19.2,False
NO61JUW,2023-11-09,06:54:31,2023-11-09,17:06:43,12.0,False
RS53ITB,2023-11-09,08:26:56,2023-11-09,11:01:59,3.0,False
LS56BQV,2023-11-09,06:34:26,2023-11-09,08:06:49,1.8,False
AA06USS,2023-11-09,06:12:59,2023-11-09,10:29:07,5.1,False
DA14DQE,2023-11-09,12:05:45,2023-11-09,19:30:02,8.7,False
CT63JUE,2023-11-09,10:54:05,2023-11-09,14:51:19,4.5,False
SK03LXI,2023-11-09,06:36:05,2023-11-09,20:37:50,16.8,False
NF04OEG,2023-11-09,07:59:25,2023-11-09,22:16:44,17.1,False
DK56ODY,2023-11-09,08:23:12,2023-11-09,19:24:48,13.2,False
LK04EXY,2023-11-09,10:33:15,2023-11-09,17:19:30,8.1,False
SV18SXF,2023-11-09,12:54:58,2023-11-09,20:42:23,9.3,False
RF21ETP,2023-11-09,14:23:31,2023-11-09,16:04:31,1.8,False
WK69DHN,2023-11-09,06:59:28,2023-11-09,13:20:08,7.5,False
GL63UUL,2023-11-09,21:05:03,2023-11-09,22:24:57,1.5,False
SC63PJJ,2023-11-09,13:29:42,2023-11-09,14:00:57,0.6,False
DH73ETT,2023-11-09,16:09:53,2023-11-09,18:11:08,2.4,False
PH07NNL,2023-11-09,08:24:19,2023-11-09,16:27:49,9.6,False
EJ17WZJ,2023-11-09,08:19:22,2023-11-09,09:54:48,1.8,False
HB55NTO,2023-11-09,07:26:39,2023-11-09,18:38:52,13.2,False
MT51FQF,2023-11-09,05:43:12,2023-11-09,20:54:25,18.0,False
RR05DNX,2023-11-09,13:20:29,2023-11-09,21:51:35,10.2,False
AC11ROR,2023-11-09,10:54:17,2023-11-09,19:38:15,10.2,False
ER56IHO,2023-11-09,09:46:44,2023-11-09,11:28:52,1.8,False
OD01FYK,2023-11-09,09:26:00,2023-11-09,15:54:15,7.5,False
RY17YWI,2023-11-09,05:52:54,2023-11-09,16:17:03,12.3,False
CL22MYP,2023-11-09,12:50:59,2023-11-09,15:01:50,2.4,False
GH68UGH,2023-11-09,21:13:15,2023-11-09,22:22:46,1.2,False
AU64JSK,2023-11-09,11:33:26,2023-11-09,22:15:15,12.6,False
PS08LFL,2023-11-09,10:33:59,2023-11-09,18:11:25,9.0,False
LK51ZCM,2023-11-09,12:39:57,2023-11-09,17:30:18,5.7,False
DM65RUV,2023-11-09,12:13:17,2023-11-09,12:29:47,0.3,False
NB19MJI,2023-11-09,05:49:25,2023-11-09,21:15:08,18.3,False
OF13KSV,2023-11-09,07:02:00,2023-11-09,16:05:24,10.8,False
VC21KDW,2023-11-09,10:22:39,2023-11-09,18:51:51,9.9,False
YF08VDI,2023-11-09,07:43:12,2023-11-09,08:31:42,0.9,False
RE07IEZ,2023-11-09,21:13:40,2023-11-09,22:04:24,0.9,False
GX68IVT,2023-11-09,13:20:02,2023-11-09,13:27:52,0.3,False
GP70ZSF,2023-11-09,06:16:11,2023-11-09,06:20:05,0.3,False
MD58AZS,2023-11-09,06:47:20,2023-11-09,17:36:38,12.9,False
LE53QMI,2023-11-10,06:56:19,2023-11-10,20:37:48,16.2,False
SV21RBJ,2023-11-10,21:51:28,2023-11-10,22:06:15,0.3,False
YL61FUS,2023-11-10,07:10:45,2023-11-10,14:06:44,8.1,False
KN12VOS,2023-11-10,07:46:51,2023-11-10,20:10:34,14.7,False
KH67UOZ,2023-11-10,07:55:39,2023-11-10,12:13:46,5.1,False
MP18ITV,2023-11-10,11:33:33,2023-11-10,14:37:34,3.6,False
AK67RAZ,2023-11-10,16:28:29,2023-11-10,20:07:34,4.2,False
PS10IHO,2023-11-10,10:27:25,2023-11-10,22:28:08,14.4,False
CH66AKH,2023-11-10,09:35:13,2023-11-10,11:00:02,1.5,False
YF08VDI,2023-11-10,12:15:08,2023-11-10,15:42:26,3.9,False
AK17YHL,2023-11-10,14:19:35,2023-11-10,16:08:08,2.1,False
LU11FNF,2023-11-10,10:44:38,2023-11-10,13:29:11,3.0,False
KA10HEG,2023-11-10,16:36:33,2023-11-10,20:17:44,4.2,False
AK07ZLO,2023-11-10,08:43:37,2023-11-10,19:31:03,12.9,False
DD20ORX,2023-11-10,14:27:42,2023-11-10,16:57:26,2.7,False
AL09QFC,2023-11-10,18:24:44,2023-11-10,21:02:37,3.0,False
KC71YAM,2023-11-10,14:39:38,2023-11-10,15:30:33,0.9,False
RV68DVY,2023-11-10,08:17:32,2023-11-10,17:27:49,10.8,False
EW14LTP,2023-11-10,12:13:22,2023-11-10,22:17:00,12.0,False
AF66DAS,2023-11-10,18:31:55,2023-11-10,21:29:24,3.3,False
KC08FHB,2023-11-10,15:56:28,2023-11-10,17:42:32,2.1,False
OF13KSV,2023-11-10,08:47:58,2023-11-10,11:51:09,3.6,False
LH21WCK,2023-11-10,08:36:25,2023-11-10,12:57:00,5.1,False
DB52VOR,2023-11-10,13:38:49,2023-11-10,14:04:23,0.3,False
WH59HGY,2023-11-10,08:10:41,2023-11-10,13:26:11,6.3,False
SC63PJJ,2023-11-10,10:00:25,2023-11-10,15:43:16,6.6,False
OU18EBK,2023-11-10,09:53:32,2023-11-10,19:33:59,11.4,False
NH16HAZ,2023-11-10,08:36:35,2023-11-10,14:15:34,6.6,False
PG08QGK,2023-11-10,10:35:21,2023-11-10,16:55:38,7.5,False
MH09OWR,2023-11-10,14:30:07,2023-11-10,15:02:14,0.6,False
FL12RIX,2023-11-10,09:25:57,2023-11-10,09:53:16,0.3,False
PS58VEP,2023-11-10,09:04:55,2023-11-10,17:21:58,9.9,False
GV51PPZ,2023-11-10,14:04:25,2023-11-10,16:15:19,2.4,False
KA10HEG,2023-11-10,10:53:21,2023-11-10,19:22:01,9.9,False
NX21LOF,2023-11-10,14:18:40,2023-11-10,15:34:32,1.5,False
ES09DVK,2023-11-10,14:38:03,2023-11-10,16:05:55,1.5,False
KF72WET,2023-11-10,07:06:28,2023-11-10,09:18:07,2.4,False
FC18NRW,2023-11-10,14:13:01,2023-11-10,18:23:52,4.8,False
DT58KVG,2023-11-10,13:03:14,2023-11-10,18:23:43,6.3,False
FN69RGG,2023-11-10,13:21:22,2023-11-10,21:59:20,10.2,False
FT56EZK,2023-11-10,17:38:07,2023-11-10,17:40:22,0.3,False
AY18DCW,2023-11-10,15:02:07,2023-11-10,16:06:10,1.2,False
HB61XOT,2023-11-10,08:24:08,2023-11-10,22:12:00,16.5,False
GJ21BVK,2023-11-10,11:51:17,2023-11-10,17:15:43,6.3,False
HH65MCQ,2023-11-10,13:42:57,2023-11-10,17:33:55,4.5,False
OF13KSV,2023-11-10,05:34:08,2023-11-10,18:49:54,15.9,False
BF71VGV,2023-11-10,08:12:07,2023-11-10,13:33:46,6.3,False
DB69AKD,2023-11-10,11:38:58,2023-11-10,19:31:42,9.3,False
AP15URV,2023-11-10,13:26:12,2023-11-10,14:23:41,0.9,False
BX06VBM,2023-11-11,08:09:46,2023-11-11,18:19:56,12.0,False
RX09EJK,2023-11-11,06:07:25,2023-11-11,15:08:33,10.8,False
YF63GIE,2023-11-11,06:49:34,2023-11-11,10:47:49,4.5,False
HO64DQW,2023-11-11,08:41:39,2023-11-11,17:32:58,10.5,False
EH12ZZA,2023-11-11,07:02:33,2023-11-11,13:52:40,8.1,False
SV18SXF,2023-11-11,05:43:08,2023-11-11,10:40:16,5.7,False
LU11FNF,2023-11-11,09:48:12,2023-11-11,13:28:15,4.2,False
OO18IRP,2023-11-11,12:00:04,2023-11-11,15:57:57,4.5,False
SY52DBY,2023-11-11,10:55:10,2023-11-11,12:16:57,1.5,False
VG22ALS,2023-11-11,06:01:24,2023-11-11,18:37:54,15.0,False
AH23JAV,2023-11-11,13:57:25,2023-11-11,14:34:08,0.6,False
MP54QBE,2023-11-11,11:00:02,2023-11-11,20:43:54,11.4,False
HR16HDT,2023-11-11,15:59:46,2023-11-11,17:19:28,1.5,False
WA05ZUN,2023-11-11,06:45:07,2023-11-11,14:15:57,9.0,False
NS63KGG,2023-11-11,08:37:21,2023-11-11,17:38:07,10.8,False
NF65AJB,2023-11-11,06:17:40,2023-11-11,17:05:23,12.9,False
OB73GLY,2023-11-11,09:01:53,2023-11-11,22:20:43,15.9,False
AH23JAV,2023-11-11,07:59:39,2023-11-11,14:09:05,7.2,False
AY66ZVO,2023-11-11,12:03:16,2023-11-11,13:42:23,1.8,False
LW22LEX,2023-11-11,15:06:38,2023-11-11,15:42:52,0.6,False
ES09DVK,2023-11-11,05:36:05,2023-11-11,19:30:26,16.5,False
PD01IFI,2023-11-11,05:53:08,2023-11-11,12:04:58,7.2,False
CY13TAF,2023-11-11,11:00:09,2023-11-11,16:47:51,6.9,False
HK68FUC,2023-11-11,13:57:39,2023-11-11,19:35:39,6.6,False
LD57INW,2023-11-11,07:18:06,2023-11-11,08:29:55,1.2,False
WO62KND,2023-11-11,12:06:48,2023-11-11,15:06:29,3.3,False
FV08HBB,2023-11-11,06:34:29,2023-11-11,12:49:41,7.5,False
AO17HBI,2023-11-11,10:44:11,2023-11-11,21:48:47,13.2,False
AR19VTR,2023-11-11,07:29:40,2023-11-11,22:25:25,17.7,False
LR67VXB,2023-11-11,06:21:54,2023-11-11,21:17:29,17.7,False
AC59XUF,2023-11-11,06:09:47,2023-11-11,10:00:22,4.5,False
WD18DXY,2023-11-11,16:09:22,2023-11-11,18:50:43,3.0,False
FD53CCV,2023-11-11,11:29:43,2023-11-11,21:40:20,12.0,False
KR53WHF,2023-11-11,05:51:03,2023-11-11,16:31:04,12.6,False
SS14ZJC,2023-11-11,10:33:14,2023-11-11,20:19:12,11.7,False
OE01COU,2023-11-11,06:21:07,2023-11-11,11:31:35,6.0,False
MT16LXM,2023-11-11,20:47:13,2023-11-11,21:11:42,0.3,False
GK18IZD,2023-11-11,11:56:50,2023-11-11,12:55:16,0.9,False
VN12EPK,2023-11-11,08:12:33,2023-11-11,11:24:18,3.6,False
PJ21LYS,2023-11-11,09:35:59,2023-11-11,17:40:16,9.6,False
OR64ICR,2023-11-11,12:22:41,2023-11-11,18:55:20,7.8,False
KJ51VIH,2023-11-11,15:56:25,2023-11-11,16:10:15,0.3,False
OB08JKW,2023-11-11,21:48:32,2023-11-11,22:04:11,0.3,False
LH57MEY,2023-11-11,06:52:50,2023-11-11,20:02:58,15.6,False
EH12ZZA,2023-11-11,11:13:42,2023-11-11,15:48:36,5.4,False
RU01KXU,2023-11-11,11:48:18,2023-11-11,14:59:32,3.6,False
BC15YTA,2023-11-11,17:02:22,2023-11-11,21:11:53,4.8,False
PX09MLE,2023-11-11,09:01:50,2023-11-11,21:02:16,14.4,False
DW68TNB,2023-11-11,19:31:25,2023-11-11,20:15:24,0.6,False
FH62UKS,2023-11-12,06:15:10,2023-11-12,09:52:11,4.2,False
OE55GKF,2023-11-12,13:24:08,2023-11-12,15:01:07,1.8,False
YG53IBJ,2023-11-12,18:39:13,2023-11-12,22:23:32,4.2,False
WM69TGW,2023-11-12,13:18:26,2023-11-12,13:42:50,0.3,False
SC51CAN,2023-11-12,06:16:04,2023-11-12,20:08:28,16.5,False
VG12CCM,2023-11-12,07:15:54,2023-11-12,20:01:56,15.3,False
SG08SLQ,2023-11-12,09:09:33,2023-11-12,17:06:39,9.3,False
HV08FMU,2023-11-12,12:41:12,2023-11-12,20:27:45,9.3,False
CT14JVR,2023-11-12,11:39:44,2023-11-12,16:55:27,6.3,False
EJ17WZJ,2023-11-12,11:34:46,2023-11-12,16:51:55,6.3,False
MO68EUT,2023-11-12,16:27:39,2023-11-12,18:23:20,2.1,False
RN18VIG,2023-11-12,09:45:37,2023-11-12,14:50:57,6.0,False
WR16XWJ,2023-11-12,11:04:55,2023-11-12,19:02:29,9.3,False
HO60YWP,2023-11-12,10:27:12,2023-11-12,20:36:26,12.0,False
LN55PRB,2023-11-12,07:15:30,2023-11-12,13:06:28,6.9,False
FG13AWO,2023-11-12,07:46:38,2023-11-12,08:40:37,0.9,False
VR09AWG,2023-11-12,15:36:24,2023-11-12,18:54:49,3.9,False
KJ13VRV,2023-11-12,15:37:31,2023-11-12,21:02:24,6.3,False
YH54WTH,2023-11-12,18:30:27,2023-11-12,21:30:07,3.3,False
WR64YUA,2023-11-12,17:37:31,2023-11-12,20:32:11,3.3,False
FY20KJN,2023-11-12,07:36:35,2023-11-12,19:21:03,13.8,False
NJ59NWH,2023-11-12,09:10:25,2023-11-12,19:15:01,12.0,False
WV51WTS,2023-11-12,14:36:42,2023-11-12,19:35:31,5.7,False
GA66PCA,2023-11-12,07:19:49,2023-11-12,09:11:04,2.1,False
KY64MLQ,2023-11-12,13:59:14,2023-11-12,16:45:38,3.3,False
GE61QIO,2023-11-12,12:16:31,2023-11-12,22:05:29,11.7,False
VP11PBM,2023-11-12,07:54:38,2023-11-12,16:15:40,9.9,False
FR11DIN,2023-11-12,05:31:42,2023-11-12,12:53:29,8.7,False
BJ70LML,2023-11-12,20:04:26,2023-11-12,20:17:01,0.3,False
ES09DVK,2023-11-12,07:38:04,2023-11-12,15:34:19,9.3,False
GL67PFZ,2023-11-12,06:01:05,2023-11-12,16:28:21,12.3,False
GM12AQV,2023-11-12,06:08:52,2023-11-12,17:55:35,14.1,False
HK68FUC,2023-11-12,08:50:08,2023-11-12,10:24:46,1.8,False
NV23PKJ,2023-11-12,07:36:34,2023-11-12,09:32:52,2.1,False
DB69AKD,2023-11-12,11:57:57,2023-11-12,12:47:25,0.9,False
LW69PAZ,2023-11-12,09:24:25,2023-11-12,21:48:08,14.7,False
BT01ELO,2023-11-12,07:02:33,2023-11-12,11:12:23,4.8,False
PW01LXB,2023-11-12,13:25:39,2023-11-12,15:53:09,2.7,False
CR67NFP,2023-11-12,14:56:03,2023-11-12,22:12:42,8.7,False
CP65SSF,2023-11-12,17:41:39,2023-11-12,19:50:51,2.4,False
FD23NFR,2023-11-12,06:05:30,2023-11-12,20:17:50,16.8,False
SG08SLQ,2023-11-12,06:24:09,2023-11-12,22:20:08,18.9,False
AA06USS,2023-11-12,07:13:47,2023-11-12,11:37:59,5.1,False
WL73ZUM,2023-11-12,11:05:20,2023-11-12,22:29:25,13.5,False
LJ15ELL,2023-11-12,09:34:11,2023-11-12,13:36:39,4.8,False
MW53WCQ,2023-11-12,16:19:00,2023-11-12,20:07:51,4.5,False
DD14FXM,2023-11-12,09:51:56,2023-11-12,12:33:43,3.0,False
WA65JKU,2023-11-12,13:34:02,2023-11-12,19:08:22,6.6,False
FL72RED,2023-11-12,16:18:08,2023-11-12,21:20:38,6.0,False
DY58ZQM,2023-11-13,11:58:19,2023-11-13,19:26:26,8.7,False
AX65MOW,2023-11-13,09:30:58,2023-11-13,21:27:54,14.1,False
YN68YSF,2023-11-13,06:52:48,2023-11-13,16:46:29,11.7,False
OE01OUR,2023-11-13,06:22:13,2023-11-13,18:23:32,14.4,False
RT70ZCQ,2023-11-13,08:44:34,2023-11-13,21:48:31,15.6,False
SO63CWM,2023-11-13,11:57:06,2023-11-13,20:22:38,9.9,False
GE19OMQ,2023-11-13,06:59:19,2023-11-13,20:38:18,16.2,False
AF03WPU,2023-11-13,07:54:31,2023-11-13,08:05:00,0.3,False
NS63KGG,2023-11-13,05:43:28,2023-11-13,12:13:37,7.8,False
OF13KSV,2023-11-13,12:44:23,2023-11-13,16:11:50,3.9,False
GD15CDD,2023-11-13,09:59:44,2023-11-13,14:47:07,5.7,False
CB73RXV,2023-11-13,07:08:40,2023-11-13,15:25:17,9.9,False
LO13YSY,2023-11-13,13:26:02,2023-11-13,18:42:28,6.3,False
YF59AJM,2023-11-13,11:17:39,2023-11-13,17:10:41,6.9,False
OF13KSV,2023-11-13,12:24:25,2023-11-13,21:24:46,10.8,False
HT53VCC,2023-11-13,13:33:29,2023-11-13,15:50:17,2.7,False
DD14FXM,2023-11-13,05:31:05,2023-11-13,20:14:24,17.4,False
SV21RBJ,2023-11-13,10:26:04,2023-11-13,15:56:53,6.6,False
HV66CFD,2023-11-13,12:20:06,2023-11-13,12:29:04,0.3,False
MX69EEZ,2023-11-13,05:39:25,2023-11-13,13:20:20,9.0,False
VD06HBD,2023-11-13,15:35:34,2023-11-13,15:46:32,0.3,False
MU07YYW,2023-11-13,13:34:35,2023-11-13,19:52:26,7.5,False
FT56EZK,2023-11-13,06:18:24,2023-11-13,17:14:08,12.9,False
WM06EXK,2023-11-13,12:39:31,2023-11-13,12:55:43,0.3,False
RX71USM,2023-11-13,07:12:20,2023-11-13,07:53:09,0.6,False
OL08SXZ,2023-11-13,10:31:55,2023-11-13,11:19:50,0.9,False
PE56WNF,2023-11-13,13:21:32,2023-11-13,16:13:54,3.3,False
DG10WMY,2023-11-13,11:35:33,2023-11-13,16:07:53,5.4,False
AP08RYA,2023-11-13,06:50:00,2023-11-13,13:41:06,8.1,False
OF13KSV,2023-11-13,06:40:15,2023-11-13,10:38:20,4.5,False
GE19OMQ,2023-11-13,11:39:35,2023-11-13,20:29:09,10.5,False
GP70ZSF,2023-11-13,16:53:12,2023-11-13,18:28:01,1.8,False
VT64CBG,2023-11-13,07:47:04,2023-11-13,08:00:04,0.3,False
RM07RIP,2023-11-13,08:11:57,2023-11-13,19:40:53,13.5,False
GY57MLY,2023-11-13,07:08:49,2023-11-13,17:11:41,12.0,False
SL12UJH,2023-11-13,08:32:19,2023-11-13,19:04:20,12.6,False
SH17KBZ,2023-11-13,08:23:52,2023-11-13,19:06:36,12.6,False
RN18VIG,2023-11-13,09:21:48,2023-11-13,17:54:58,10.2,False
VA09RXC,2023-11-13,08:17:32,2023-11-13,18:12:37,11.7,False
CU52OXB,2023-11-13,14:14:28,2023-11-13,16:52:05,3.0,False
EU15YLW,2023-11-13,07:46:28,2023-11-13,20:33:51,15.3,False
FJ60RDD,2023-11-13,08:35:08,2023-11-13,15:43:29,8.4,False
BM70VDG,2023-11-13,10:08:06,2023-11-13,15:08:18,6.0,False
MT51BOX,2023-11-13,11:47:06,2023-11-13,13:43:58,2.1,False
SW63ZJR,2023-11-13,06:15:51,2023-11-13,07:11:46,0.9,False
AJ57QKM,2023-11-13,10:50:09,2023-11-13,13:23:47,3.0,False
DA08DIY,2023-11-13,22:07:52,2023-11-13,22:09:42,0.3,False
DJ64QSC,2023-11-13,16:17:24,2023-11-13,18:25:30,2.4,False
GN57UCB,2023-11-13,12:58:27,2023-11-13,18:29:38,6.6,False
BG13WJS,2023-11-14,08:45:40,2023-11-14,20:25:27,13.8,False
DM65RUV,2023-11-14,12:34:53,2023-11-14,13:02:18,0.3,False
MH09OWR,2023-11-14,09:49:49,2023-11-14,17:38:49,9.3,False
HS60TJW,2023-11-14,17:33:47,2023-11-14,19:44:12,2.4,False
MH22WRB,2023-11-14,11:53:28,2023-11-14,21:57:46,12.0,False
VO15RFF,2023-11-14,07:54:15,2023-11-14,11:20:23,3.9,False
CJ65DAR,2023-11-14,11:33:10,2023-11-14,14:27:19,3.3,False
VF73XFJ,2023-11-14,08:29:55,2023-11-14,09:13:52,0.6,False
OL13FBD,2023-11-14,10:10:14,2023-11-14,22:11:42,14.4,False
PT54TOV,2023-11-14,08:19:00,2023-11-14,08:50:26,0.6,False
EE18MRN,2023-11-14,06:09:18,2023-11-14,15:28:01,11.1,False
BP05BXN,2023-11-14,10:47:56,2023-11-14,16:55:41,7.2,False
NB19KRQ,2023-11-14,12:07:00,2023-11-14,16:49:51,5.4,False
KK02XEN,2023-11-14,19:05:58,2023-11-14,21:47:14,3.0,False
AH23JAV,2023-11-14,05:53:36,2023-11-14,08:53:11,3.3,False
YS66VWV,2023-11-14,13:38:06,2023-11-14,15:13:15,1.8,False
PL69IXB,2023-11-14,09:14:22,2023-11-14,20:26:51,13.2,False
FF68JCY,2023-11-14,13:05:24,2023-11-14,15:31:58,2.7,False
CW15ADB,2023-11-14,07:05:45,2023-11-14,08:24:14,1.5,False
NC61RCL,2023-11-14,10:48:46,2023-11-14,11:48:49,1.2,False
FY64ISE,2023-11-14,14:46:31,2023-11-14,18:29:54,4.2,False
CF66NCL,2023-11-14,15:04:22,2023-11-14,15:22:49,0.3,False
SH17KBZ,2023-11-14,15:21:45,2023-11-14,17:33:52,2.4,False
AH23JAV,2023-11-14,12:31:27,2023-11-14,15:10:16,3.0,False
FA16DJS,2023-11-14,12:49:36,2023-11-14,21:29:53,10.2,False
BO18GJV,2023-11-14,06:44:40,2023-11-14,18:41:02,14.1,False
SV61ZSA,2023-11-14,06:01:06,2023-11-14,17:45:49,13.8,False
DA01ZRO,2023-11-14,10:01:14,2023-11-14,18:22:37,9.9,False
CC72DVL,2023-11-14,12:43:17,2023-11-14,13:34:50,0.9,False
VY59TJY,2023-11-14,19:13:05,2023-11-14,20:36:00,1.5,False
MT58ZGF,2023-11-14,09:49:26,2023-11-14,15:25:00,6.6,False
FN70THE,2023-11-14,06:33:59,2023-11-14,08:28:35,2.1,False
SA53GBG,2023-11-14,13:14:02,2023-11-14,20:47:41,9.0,False
OP06VQL,2023-11-14,06:30:53,2023-11-14,07:34:56,1.2,False
BM70VDG,2023-11-14,10:12:49,2023-11-14,16:26:21,7.2,False
LL54EOP,2023-11-14,10:35:31,2023-11-14,21:06:06,12.6,False
YR57PQS,2023-11-14,13:27:42,2023-11-14,17:34:53,4.8,False
LB05XTR,2023-11-14,09:16:45,2023-11-14,16:24:11,8.4,False
RC70GOH,2023-11-14,09:53:00,2023-11-14,17:29:13,9.0,False
HO60YWP,2023-11-14,13:24:44,2023-11-14,14:19:51,0.9,False
OV73UEQ,2023-11-14,05:39:34,2023-11-14,13:38:28,9.3,False
PM59DVN,2023-11-14,19:07:05,2023-11-14,21:19:46,2.4,False
YX15CAK,2023-11-14,15:10:07,2023-11-14,18:08:39,3.3,False
SD23TBU,2023-11-14,08:48:01,2023-11-14,21:02:04,14.4,False
OF13KSV,2023-11-14,08:19:26,2023-11-14,13:37:55,6.3,False
RV19NJQ,2023-11-14,11:24:20,2023-11-14,15:28:38,4.8,False
NG62SRT,2023-11-14,08:51:06,2023-11-14,12:02:14,3.6,False
KH67UOZ,2023-11-14,05:52:45,2023-11-14,06:30:43,0.6,False
VC21KDW,2023-11-14,08:50:29,2023-11-14,12:04:41,3.6,False
DR13ZNK,2023-11-15,15:40:02,2023-11-15,19:07:41,3.9,False
CC03RJL,2023-11-15,11:04:09,2023-11-15,20:51:33,11.7,False
NV23PKJ,2023-11-15,15:24:13,2023-11-15,16:00:19,0.6,False
MU72PNX,2023-11-15,11:11:00,2023-11-15,12:52:49,1.8,False
PT54TOV,2023-11-15,06:17:36,2023-11-15,07:17:42,1.2,False
PW01LXB,2023-11-15,07:00:34,2023-11-15,09:06:09,2.4,False
OF13KSV,2023-11-15,16:09:52,2023-11-15,16:15:01,0.3,False
FN62DLR,2023-11-15,08:23:04,2023-11-15,10:18:14,2.1,False
PH72GVL,2023-11-15,17:54:36,2023-11-15,21:07:10,3.6,False
GD18ESW,2023-11-15,14:38:40,2023-11-15,18:16:22,4.2,False
MT58ZGF,2023-11-15,10:35:23,2023-11-15,19:55:43,11.1,False
LM04AHE,2023-11-15,05:37:39,2023-11-15,08:01:56,2.7,False
OF13KSV,2023-11-15,07:00:43,2023-11-15,18:10:13,13.2,False
EB67XCM,2023-11-15,06:06:52,2023-11-15,08:00:14,2.1,False
CJ65DAR,2023-11-15,06:45:01,2023-11-15,11:18:23,5.4,False
NC07RSX,2023-11-15,08:49:50,2023-11-15,09:34:58,0.9,False
NW73TNH,2023-11-15,07:07:04,2023-11-15,12:47:07,6.6,False
DA01ZRO,2023-11-15,06:57:13,2023-11-15,21:42:28,17.7,False
CC66LJS,2023-11-15,06:32:14,2023-11-15,15:11:11,10.2,False
NG58PFR,2023-11-15,08:08:02,2023-11-15,09:18:48,1.2,False
GY02GYZ,2023-11-15,06:32:17,2023-11-15,19:03:48,15.0,False
HV04IUD,2023-11-15,06:28:20,2023-11-15,07:11:14,0.6,False
OX21OQK,2023-11-15,08:25:14,2023-11-15,15:16:02,8.1,False
MK16THR,2023-11-15,09:27:21,2023-11-15,10:58:14,1.8,False
OE01OUR,2023-11-15,14:25:06,2023-11-15,15:08:53,0.6,False
DR04OVO,2023-11-15,12:11:01,2023-11-15,14:41:12,3.0,False
BK62NNO,2023-11-15,11:42:07,2023-11-15,15:59:13,5.1,False
BT64QFX,2023-11-15,05:38:03,2023-11-15,13:13:31,9.0,False
CG54FLF,2023-11-15,06:40:47,2023-11-15,13:00:04,7.5,False
MJ55GAY,2023-11-15,17:24:05,2023-11-15,18:00:23,0.6,False
PA51YHQ,2023-11-15,10:45:42,2023-11-15,15:19:26,5.4,False
FP07MHY,2023-11-15,14:33:59,2023-11-15,17:14:19,3.0,False
AF66JYG,2023-11-15,10:35:32,2023-11-15,14:49:10,4.8,False
CV68JNA,2023-11-15,06:32:36,2023-11-15,10:58:05,5.1,False
MT58ZGF,2023-11-15,14:31:38,2023-11-15,15:33:04,1.2,False
YW70LYC,2023-11-15,10:15:28,2023-11-15,14:19:40,4.8,False
BO18GJV,2023-11-15,14:22:49,2023-11-15,20:48:14,7.5,False
FY16PSM,2023-11-15,07:31:30,2023-11-15,08:50:57,1.5,False
MK16THR,2023-11-15,10:12:50,2023-11-15,13:28:07,3.9,False
SJ73QFU,2023-11-15,15:59:20,2023-11-15,16:58:46,0.9,False
BO18GJV,2023-11-15,09:18:44,2023-11-15,13:25:27,4.8,False
HJ15KEQ,2023-11-15,14:15:50,2023-11-15,19:10:36,5.7,False
GG01PXR,2023-11-15,10:13:26,2023-11-15,18:33:30,9.9,False
NE68TOP,2023-11-15,11:56:47,2023-11-15,18:11:34,7.2,False
NL53XZW,2023-11-15,12:37:44,2023-11-15,17:29:39,5.7,False
VM59PQG,2023-11-15,07:23:31,2023-11-15,21:06:53,16.2,False
HU56IJB,2023-11-15,08:18:09,2023-11-15,13:34:43,6.3,False
PT54TOV,2023-11-15,13:11:22,2023-11-15,17:08:39,4.5,False
WK22KPW,2023-11-15,09:04:05,2023-11-15,12:59:54,4.5,False
OV58FNX,2023-11-16,06:10:19,2023-11-16,16:09:46,11.7,False
KB56AYB,2023-11-16,14:40:48,2023-11-16,21:58:08,8.7,False
CH66AKH,2023-11-16,08:16:12,2023-11-16,10:25:44,2.4,False
WV51WTS,2023-11-16,12:53:28,2023-11-16,13:24:04,0.6,False
EB52JWY,2023-11-16,09:15:35,2023-11-16,19:11:04,11.7,False
NC07RSX,2023-11-16,09:30:45,2023-11-16,10:21:36,0.9,False
RJ13FSD,2023-11-16,20:02:17,2023-11-16,21:04:58,1.2,False
RH05VCX,2023-11-16,09:25:08,2023-11-16,13:42:42,5.1,False
WK51QAC,2023-11-16,11:31:27,2023-11-16,14:38:40,3.6,False
KC08FHB,2023-11-16,13:43:11,2023-11-16,20:01:48,7.5,False
LB73JKB,2023-11-16,11:35:47,2023-11-16,20:07:16,10.2,False
ML23VXF,2023-11-16,11:27:20,2023-11-16,11:43:07,0.3,False
OM56VAM,2023-11-16,13:47:35,2023-11-16,20:16:26,7.5,False
WJ69EPW,2023-11-16,12:13:36,2023-11-16,20:53:51,10.2,False
CY13TAF,2023-11-16,06:49:45,2023-11-16,15:26:19,10.2,False
NC23PVZ,2023-11-16,13:19:50,2023-11-16,16:16:35,3.3,False
LE10HKZ,2023-11-16,14:58:16,2023-11-16,18:24:58,3.9,False
LL16RIG,2023-11-16,14:22:05,2023-11-16,21:34:09,8.4,False
MH59OES,2023-11-16,06:03:24,2023-11-16,14:41:27,10.2,False
AL04IIE,2023-11-16,16:30:22,2023-11-16,21:59:53,6.3,False
VP11PBM,2023-11-16,11:57:42,2023-11-16,21:00:09,10.8,False
AL21BEY,2023-11-16,08:12:33,2023-11-16,22:25:10,16.8,False
NP23YKM,2023-11-16,11:24:20,2023-11-16,13:57:43,3.0,False
VV21JAS,2023-11-16,13:36:19,2023-11-16,20:13:56,7.8,False
WR73LHJ,2023-11-16,11:20:03,2023-11-16,14:38:55,3.9,False
EY04GEH,2023-11-16,07:03:03,2023-11-16,12:41:35,6.6,False
OR11BBY,2023-11-16,18:29:51,2023-11-16,21:43:00,3.6,False
CP08QDC,2023-11-16,05:38:06,2023-11-16,12:47:23,8.4,False
GS66QFJ,2023-11-16,15:51:17,2023-11-16,17:54:11,2.4,False
DF09ORC,2023-11-16,10:02:42,2023-11-16,11:55:35,2.1,False
EH12ZZA,2023-11-16,10:14:41,2023-11-16,14:50:53,5.4,False
NF04OEG,2023-11-16,14:19:12,2023-11-16,19:30:42,6.0,False
SN23BMA,2023-11-16,06:01:42,2023-11-16,11:33:34,6.6,False
HH04LCJ,2023-11-16,10:18:59,2023-11-16,17:39:41,8.7,False
AX58KPJ,2023-11-16,11:11:31,2023-11-16,21:59:32,12.9,False
PY03YCY,2023-11-16,06:06:39,2023-11-16,19:32:44,15.9,False
LE70EZN,2023-11-16,15:33:03,2023-11-16,20:18:07,5.7,False
KD06YQG,2023-11-16,13:08:29,2023-11-16,14:39:19,1.8,False
DB03SAK,2023-11-16,08:02:54,2023-11-16,19:48:32,14.1,False
CB57ZEY,2023-11-16,12:31:36,2023-11-16,18:00:33,6.3,False
PJ15UOB,2023-11-16,09:17:40,2023-11-16,12:15:00,3.3,False
LA18FJX,2023-11-16,10:24:55,2023-11-16,15:00:21,5.4,False
SN53TZA,2023-11-16,09:27:40,2023-11-16,22:21:23,15.3,False
SK16CYA,2023-11-16,09:21:37,2023-11-16,18:42:07,11.1,False
YW57JJP,2023-11-16,15:25:55,2023-11-16,19:47:31,5.1,False
SO63CWM,2023-11-16,10:48:58,2023-11-16,19:53:44,10.8,False
CA65LQI,2023-11-16,17:53:23,2023-11-16,18:50:54,0.9,False
HW71QNV,2023-11-16,07:02:42,2023-11-16,18:19:25,13.5,False
MA59FYK,2023-11-16,11:35:04,2023-11-16,13:30:45,2.1,False
AK54JKF,2023-11-17,17:28:44,2023-11-17,20:56:28,3.9,False
HD69HHU,2023-11-17,07:28:51,2023-11-17,12:43:06,6.0,False
LE57KZQ,2023-11-17,08:44:16,2023-11-17,20:28:47,13.8,False
VH51BRQ,2023-11-17,05:37:13,2023-11-17,07:21:47,1.8,False
RJ13FSD,2023-11-17,13:15:00,2023-11-17,21:29:21,9.6,False
GO23ERS,2023-11-17,08:00:28,2023-11-17,22:27:08,17.1,False
DB69AKD,2023-11-17,08:45:56,2023-11-17,14:30:24,6.6,False
WN62DZE,2023-11-17,06:06:43,2023-11-17,20:02:43,16.5,False
SF10ILL,2023-11-17,05:49:52,2023-11-17,17:27:08,13.8,False
AO18WBC,2023-11-17,15:54:55,2023-11-17,19:25:01,4.2,False
VH58VRU,2023-11-17,12:56:38,2023-11-17,16:40:59,4.2,False
ES09DVK,2023-11-17,10:15:55,2023-11-17,17:11:34,8.1,False
FC14ZUM,2023-11-17,08:39:28,2023-11-17,15:42:49,8.4,False
NX16ZLD,2023-11-17,15:49:11,2023-11-17,18:00:25,2.4,False
AP15URV,2023-11-17,17:52:09,2023-11-17,22:13:23,5.1,False
NF04OEG,2023-11-17,19:44:00,2023-11-17,21:17:02,1.8,False
CU70MNZ,2023-11-17,06:35:28,2023-11-17,15:13:43,10.2,False
FM62CJU,2023-11-17,16:09:53,2023-11-17,19:05:59,3.3,False
GX72THA,2023-11-17,18:55:06,2023-11-17,22:22:27,3.9,False
EM62VOH,2023-11-17,13:52:28,2023-11-17,15:10:08,1.5,False
YC10STF,2023-11-17,14:09:31,2023-11-17,16:34:53,2.7,False
VJ58PFT,2023-11-17,06:17:47,2023-11-17,13:06:18,8.1,False
NF58PVN,2023-11-17,14:25:57,2023-11-17,17:59:22,4.2,False
WM69TGW,2023-11-17,05:41:46,2023-11-17,10:07:05,5.1,False
LG55HFS,2023-11-17,10:05:40,2023-11-17,10:35:13,0.3,False
NC12GNE,2023-11-17,12:18:24,2023-11-17,22:10:37,11.7,False
HE23AZI,2023-11-17,09:03:25,2023-11-17,20:33:37,13.8,False
HH58HWZ,2023-11-17,06:53:18,2023-11-17,12:09:55,6.3,False
BF52PAW,2023-11-17,11:59:34,2023-11-17,13:06:20,1.2,False
YD12YCH,2023-11-17,16:15:59,2023-11-17,17:21:01,1.2,False
NF22RKC,2023-11-17,12:47:47,2023-11-17,16:47:52,4.8,False
LC06XXD,2023-11-17,08:43:42,2023-11-17,13:03:07,5.1,False
LP58YHI,2023-11-17,06:30:38,2023-11-17,09:47:59,3.9,False
NJ56PEV,2023-11-17,17:56:57,2023-11-17,20:14:40,2.7,False
BV09ZER,2023-11-17,18:39:07,2023-11-17,20:13:05,1.8,False
NF04OEG,2023-11-17,09:27:37,2023-11-17,14:19:19,5.7,False
AL04IIE,2023-11-17,11:53:26,2023-11-17,15:30:31,4.2,False
DN07NYS,2023-11-17,09:38:57,2023-11-17,19:37:01,11.7,False
WP64VMH,2023-11-17,20:04:29,2023-11-17,20:41:05,0.6,False
HA64DXE,2023-11-17,18:40:36,2023-11-17,20:54:37,2.4,False
GV51PPZ,2023-11-17,05:44:55,2023-11-17,19:08:59,15.9,False
KT14LIC,2023-11-17,06:47:23,2023-11-17,08:26:25,1.8,False
KG01FIE,2023-11-17,05:46:16,2023-11-17,12:05:26,7.5,False
GE19KAR,2023-11-17,07:01:55,2023-11-17,16:07:55,10.8,False
SG21ABS,2023-11-17,15:16:01,2023-11-17,16:31:23,1.5,False
DN16LEK,2023-11-17,05:38:34,2023-11-17,18:02:25,14.7,False
WX18TWM,2023-11-17,15:48:22,2023-11-17,18:59:45,3.6,False
MM72MQP,2023-11-17,07:56:55,2023-11-17,10:43:39,3.3,False
YH61QAZ,2023-11-17,09:18:54,2023-11-17,21:06:31,14.1,False
WV51WTS,2023-11-18,12:43:37,2023-11-18,21:53:52,10.8,False
KO57SUM,2023-11-18,16:00:48,2023-11-18,21:05:29,6.0,False
WM69TGW,2023-11-18,06:37:05,2023-11-18,18:24:08,14.1,False
KC59PXV,2023-11-18,06:29:30,2023-11-18,08:57:07,2.7,False
GK59XTS,2023-11-18,13:07:38,2023-11-18,21:01:45,9.3,False
ER02UKM,2023-11-18,06:46:55,2023-11-18,12:20:29,6.6,False
GG14ADQ,2023-11-18,11:45:52,2023-11-18,12:25:16,0.6,False
PS10TGI,2023-11-18,09:42:17,2023-11-18,10:59:58,1.5,False
CV13IJB,2023-11-18,10:22:42,2023-11-18,15:44:55,6.3,False
WE52ZIP,2023-11-18,06:08:38,2023-11-18,11:21:35,6.0,False
YJ11DBR,2023-11-18,09:43:37,2023-11-18,16:20:05,7.8,False
CL72VHB,2023-11-18,08:08:27,2023-11-18,12:52:27,5.4,False
OJ20LDD,2023-11-18,06:07:22,2023-11-18,17:55:06,14.1,False
KX71BGX,2023-11-18,19:42:54,2023-11-18,22:28:58,3.3,False
CT63JUE,2023-11-18,07:26:40,2023-11-18,15:07:33,9.0,False
BD60FTD,2023-11-18,07:31:25,2023-11-18,17:00:19,11.1,False
SM67DNA,2023-11-18,15:57:41,2023-11-18,18:22:30,2.7,False
MD58AZS,2023-11-18,17:35:57,2023-11-18,22:14:35,5.4,False
WH63EAS,2023-11-18,09:46:24,2023-11-18,13:24:41,4.2,False
ML72EVE,2023-11-18,16:14:40,2023-11-18,19:04:09,3.3,False
DH73ATV,2023-11-18,09:33:14,2023-11-18,10:09:04,0.6,False
YU09FGA,2023-11-18,10:20:21,2023-11-18,13:34:01,3.6,False
LN55PRB,2023-11-18,11:10:45,2023-11-18,18:49:33,9.0,False
HF15MTX,2023-11-18,07:56:25,2023-11-18,09:50:53,2.1,False
RH53KBM,2023-11-18,06:23:49,2023-11-18,11:05:49,5.4,False
YT20KCI,2023-11-18,05:32:43,2023-11-18,20:41:30,18.0,False
EJ17WZJ,2023-11-18,15:19:42,2023-11-18,18:06:12,3.3,False
EN04DNF,2023-11-18,15:33:19,2023-11-18,19:28:04,4.5,False
BU01QNT,2023-11-18,06:59:01,2023-11-18,22:03:48,18.0,False
YO02XUU,2023-11-18,09:50:47,2023-11-18,13:19:50,3.9,False
ST57XBA,2023-11-18,06:18:55,2023-11-18,21:53:02,18.6,False
KT15ZDS,2023-11-18,16:57:34,2023-11-18,17:13:05,0.3,False
ES09DVK,2023-11-18,07:52:18,2023-11-18,18:42:46,12.9,False
VM59PQG,2023-11-18,06:38:59,2023-11-18,22:06:53,18.3,False
PA11RFW,2023-11-18,14:11:28,2023-11-18,17:02:31,3.3,False
DO56DSO,2023-11-18,16:07:07,2023-11-18,21:47:32,6.6,False
KT13KMV,2023-11-18,14:27:30,2023-11-18,20:04:38,6.6,False
AJ22IKL,2023-11-18,21:48:44,2023-11-18,22:03:39,0.3,False
YT07LQY,2023-11-18,12:24:25,2023-11-18,21:37:24,10.8,False
CB57ZEY,2023-11-18,06:36:22,2023-11-18,13:36:09,8.1,False
ED65KXM,2023-11-18,06:53:09,2023-11-18,14:02:08,8.4,False
ST71CDE,2023-11-18,13:57:38,2023-11-18,21:44:33,9.3,False
HM55POI,2023-11-18,08:19:53,2023-11-18,11:22:33,3.6,False
NE62QDQ,2023-11-18,07:26:32,2023-11-18,17:38:00,12.0,False
GP14ROW,2023-11-18,08:01:07,2023-11-18,09:22:15,1.5,False
MA67QIJ,2023-11-18,10:25:30,2023-11-18,19:21:45,10.5,False
HL63RJK,2023-11-18,06:18:10,2023-11-18,17:38:04,13.5,False
EX64FLL,2023-11-18,14:14:23,2023-11-18,16:59:10,3.0,False
NS66NCT,2023-11-18,06:50:55,2023-11-18,10:16:21,3.9,False
RC09QDR,2023-11-19,12:21:32,2023-11-19,20:55:01,10.2,False
FG13AWO,2023-11-19,11:09:07,2023-11-19,11:36:03,0.3,False
SV61ZSA,2023-11-19,06:02:05,2023-11-19,16:24:18,12.3,False
YG53HWW,2023-11-19,07:31:05,2023-11-19,21:09:17,16.2,False
NT69VVZ,2023-11-19,14:01:06,2023-11-19,19:07:23,6.0,False
BM70VDG,2023-11-19,08:17:43,2023-11-19,20:14:03,14.1,False
AU04OHM,2023-11-19,11:01:59,2023-11-19,18:14:20,8.4,False
AR19VTR,2023-11-19,07:51:33,2023-11-19,15:40:11,9.3,False
RA04YLK,2023-11-19,05:54:24,2023-11-19,15:03:26,10.8,False
GL67PFZ,2023-11-19,05:39:08,2023-11-19,14:04:32,9.9,False
WN62DZE,2023-11-19,11:45:59,2023-11-19,17:38:09,6.9,False
BR59KSB,2023-11-19,07:33:40,2023-11-19,15:48:32,9.6,False
LR23ZYD,2023-11-19,06:48:49,2023-11-19,12:27:10,6.6,False
KP68EHV,2023-11-19,11:05:28,2023-11-19,16:40:14,6.6,False
WG51BRB,2023-11-19,10:22:44,2023-11-19,20:17:39,11.7,False
CU52GRT,2023-11-19,09:51:21,2023-11-19,16:43:36,8.1,False
RE07IEZ,2023-11-19,06:40:27,2023-11-19,10:41:07,4.8,False
GX68IVT,2023-11-19,07:10:39,2023-11-19,18:02:28,12.9,False
DO67TVK,2023-11-19,15:31:20,2023-11-19,16:30:01,0.9,False
ON06OMB,2023-11-19,12:02:51,2023-11-19,13:25:18,1.5,False
MH09OWR,2023-11-19,15:53:15,2023-11-19,20:01:42,4.8,False
EO68LTN,2023-11-19,15:39:19,2023-11-19,20:10:42,5.4,False
WE11ZAZ,2023-11-19,05:47:58,2023-11-19,10:38:53,5.7,False
LV72GWT,2023-11-19,09:38:11,2023-11-19,21:08:08,13.5,False
MN17HRN,2023-11-19,18:39:53,2023-11-19,22:17:48,4.2,False
BT59YYY,2023-11-19,07:47:07,2023-11-19,10:55:32,3.6,False
HY70IKF,2023-11-19,11:34:12,2023-11-19,21:25:46,11.7,False
AF66JYG,2023-11-19,14:59:48,2023-11-19,20:39:11,6.6,False
SA15EXJ,2023-11-19,09:40:47,2023-11-19,18:15:58,10.2,False
VS60XCF,2023-11-19,05:44:29,2023-11-19,06:43:44,0.9,False
VR21KKU,2023-11-19,11:08:07,2023-11-19,18:21:57,8.4,False
NS72RQE,2023-11-19,11:40:54,2023-11-19,21:58:04,12.3,False
PK69ELZ,2023-11-19,05:50:31,2023-11-19,08:38:20,3.3,False
FW54QOH,2023-11-19,07:02:51,2023-11-19,17:22:43,12.3,False
FP62PDB,2023-11-19,20:39:45,2023-11-19,22:00:06,1.5,False
YB59RQF,2023-11-19,14:31:11,2023-11-19,18:51:52,5.1,False
HE18JCR,2023-11-19,12:34:47,2023-11-19,17:20:53,5.7,False
WV51WTS,2023-11-19,07:29:17,2023-11-19,15:32:25,9.6,False
AR19VTR,2023-11-19,13:29:40,2023-11-19,20:54:18,8.7,False
GX15ZXJ,2023-11-19,08:21:28,2023-11-19,11:33:44,3.6,False
WJ71KBP,2023-11-19,13:44:11,2023-11-19,22:02:05,9.9,False
LH21WCK,2023-11-19,18:31:48,2023-11-19,21:08:34,3.0,False
KW64FBQ,2023-11-19,10:23:01,2023-11-19,14:09:43,4.5,False
GB57MNE,2023-11-19,08:47:01,2023-11-19,18:20:33,11.4,False
NP53CIW,2023-11-19,13:05:03,2023-11-19,19:31:58,7.5,False
NE11LVJ,2023-11-19,08:32:18,2023-11-19,18:56:56,12.3,False
HK68FUC,2023-11-19,05:40:42,2023-11-19,11:42:03,7.2,False
ST19CZV,2023-11-19,17:35:10,2023-11-19,19:37:02,2.4,False
SN05QDS,2023-11-19,07:43:58,2023-11-19,21:20:44,16.2,False
ST15XAW,2023-11-20,09:59:02,2023-11-20,13:05:35,3.6,False
BU57DVI,2023-11-20,10:56:25,2023-11-20,11:53:47,0.9,False
RV19NJQ,2023-11-20,14:50:24,2023-11-20,21:11:28,7.5,False
LM04AHE,2023-11-20,14:31:48,2023-11-20,21:52:18,8.7,False
PS08LFL,2023-11-20,11:49:51,2023-11-20,20:19:22,9.9,False
BU01QNT,2023-11-20,15:52:22,2023-11-20,18:00:32,2.4,False
BA13WGP,2023-11-20,05:48:49,2023-11-20,07:16:47,1.5,False
EO70CNP,2023-11-20,07:12:27,2023-11-20,21:18:24,16.8,False
RO71PYD,2023-11-20,14:29:25,2023-11-20,19:07:35,5.4,False
NN03PBH,2023-11-20,11:41:00,2023-11-20,18:33:00,8.1,False
NP23YKM,2023-11-20,17:56:48,2023-11-20,19:23:43,1.5,False
FK19JNL,2023-11-20,10:55:08,2023-11-20,13:53:36,3.3,False
DG14JWL,2023-11-20,06:15:41,2023-11-20,11:44:27,6.3,False
VK55KNS,2023-11-20,06:02:35,2023-11-20,09:29:14,3.9,False
FV67FHH,2023-11-20,12:51:18,2023-11-20,17:02:03,4.8,False
AK07ZLO,2023-11-20,09:17:10,2023-11-20,10:40:38,1.5,False
BJ19ZZX,2023-11-20,17:53:35,2023-11-20,18:05:31,0.3,False
NF58PVN,2023-11-20,20:12:49,2023-11-20,21:21:44,1.2,False
GH54VHA,2023-11-20,09:58:13,2023-11-20,17:26:55,8.7,False
VH61ETF,2023-11-20,18:28:02,2023-11-20,20:42:56,2.4,False
LJ54ZEG,2023-11-20,15:10:31,2023-11-20,17:58:13,3.3,False
VH10ZZP,2023-11-20,13:57:45,2023-11-20,16:25:08,2.7,False
LF67IXW,2023-11-20,10:56:53,2023-11-20,15:33:38,5.4,False
AL04IIE,2023-11-20,08:25:50,2023-11-20,15:51:43,8.7,False
WK52TFN,2023-11-20,17:41:21,2023-11-20,21:31:55,4.5,False
OC03RCU,2023-11-20,10:36:02,2023-11-20,19:38:51,10.8,False
GP70ZSF,2023-11-20,09:06:01,2023-11-20,13:29:36,5.1,False
BG19GLP,2023-11-20,08:12:05,2023-11-20,16:01:34,9.3,False
AJ57QKM,2023-11-20,13:03:44,2023-11-20,16:53:58,4.5,False
VG22ALS,2023-11-20,10:34:05,2023-11-20,13:38:48,3.6,False
WW69BSY,2023-11-20,09:40:55,2023-11-20,15:36:28,6.9,False
AH01YEI,2023-11-20,15:39:02,2023-11-20,21:30:13,6.9,False
AW10YYP,2023-11-20,19:54:20,2023-11-20,21:02:31,1.2,False
RR15IAE,2023-11-20,08:51:53,2023-11-20,19:35:56,12.6,False
OW73EGJ,2023-11-20,07:24:44,2023-11-20,16:39:47,11.1,False
EY51KBO,2023-11-20,07:15:40,2023-11-20,19:10:12,14.1,False
HL16RLY,2023-11-20,11:53:24,2023-11-20,21:49:39,11.7,False
BT64QFX,2023-11-20,14:04:14,2023-11-20,15:25:20,1.5,False
RO73IUH,2023-11-20,10:35:55,2023-11-20,15:15:53,5.4,False
EG17XEJ,2023-11-20,09:34:25,2023-11-20,19:22:16,11.7,False
SG16CNU,2023-11-20,17:12:50,2023-11-20,19:57:10,3.0,False
HP12JBD,2023-11-20,06:27:06,2023-11-20,08:21:57,2.1,False
LH09MAI,2023-11-20,13:16:11,2023-11-20,16:57:51,4.2,False
VG22ALS,2023-11-20,08:05:10,2023-11-20,20:09:32,14.4,False
WO11OCZ,2023-11-20,07:47:22,2023-11-20,11:52:09,4.8,False
YV58GMY,2023-11-20,07:15:45,2023-11-20,18:41:31,13.5,False
VH58VRU,2023-11-20,20:17:00,2023-11-20,21:58:14,1.8,False
EE18MRN,2023-11-20,06:25:04,2023-11-20,09:45:11,3.9,False
AX07MJE,2023-11-20,06:58:20,2023-11-20,20:49:58,16.5,False
HA68CYG,2023-11-21,09:53:38,2023-11-21,17:56:58,9.6,False
AJ22IKL,2023-11-21,17:11:08,2023-11-21,18:27:35,1.5,False
AC62EEE,2023-11-21,14:21:00,2023-11-21,19:11:39,5.7,False
HA21XET,2023-11-21,12:20:46,2023-11-21,21:26:38,10.8,False
PS10IHO,2023-11-21,13:03:27,2023-11-21,19:37:02,7.8,False
FX55DCN,2023-11-21,15:22:43,2023-11-21,18:20:30,3.3,False
SD05KFL,2023-11-21,05:45:23,2023-11-21,07:48:08,2.4,False
OC04IHS,2023-11-21,06:13:12,2023-11-21,17:49:01,13.8,False
GE61QIO,2023-11-21,12:14:18,2023-11-21,17:57:09,6.6,False
YU58IJH,2023-11-21,12:52:16,2023-11-21,19:08:37,7.5,False
DW12CFE,2023-11-21,07:20:45,2023-11-21,15:54:37,10.2,False
CY63RMY,2023-11-21,15:35:54,2023-11-21,15:57:13,0.3,False
GN22ODT,2023-11-21,16:09:58,2023-11-21,18:55:06,3.3,False
YG09EIH,2023-11-21,09:49:05,2023-11-21,16:19:57,7.8,False
DV03CFK,2023-11-21,11:29:56,2023-11-21,17:12:01,6.6,False
FH62UKS,2023-11-21,09:42:36,2023-11-21,10:45:00,1.2,False
DR04OVO,2023-11-21,13:18:29,2023-11-21,19:36:16,7.5,False
WY70TUF,2023-11-21,17:21:40,2023-11-21,19:11:44,2.1,False
LW70IZM,2023-11-21,17:31:52,2023-11-21,17:59:32,0.3,False
BD60FTD,2023-11-21,07:06:40,2023-11-21,10:44:54,4.2,False
SO63CWM,2023-11-21,09:23:39,2023-11-21,13:26:56,4.8,False
CH09QXV,2023-11-21,11:22:20,2023-11-21,18:34:23,8.4,False
ST64UMG,2023-11-21,07:10:01,2023-11-21,09:27:03,2.7,False
WE11ZAZ,2023-11-21,08:24:07,2023-11-21,14:30:08,7.2,False
OA07VIY,2023-11-21,06:37:37,2023-11-21,08:58:46,2.7,False
KS54ALG,2023-11-21,11:11:16,2023-11-21,22:16:31,13.2,False
HM16PBU,2023-11-21,18:55:24,2023-11-21,19:32:57,0.6,False
PO20ZED,2023-11-21,17:54:44,2023-11-21,21:52:00,4.5,False
WE69DMT,2023-11-21,05:56:53,2023-11-21,22:13:16,19.5,False
RO57WKG,2023-11-21,09:01:27,2023-11-21,10:38:25,1.8,False
NC07RSX,2023-11-21,16:03:37,2023-11-21,17:25:22,1.5,False
SP59HAD,2023-11-21,06:01:21,2023-11-21,15:17:18,11.1,False
WA65JKU,2023-11-21,13:19:52,2023-11-21,18:25:15,6.0,False
DL66NZP,2023-11-21,07:14:31,2023-11-21,13:34:24,7.5,False
EX13ICS,2023-11-21,13:03:46,2023-11-21,21:21:04,9.9,False
RF21ETP,2023-11-21,12:27:08,2023-11-21,15:49:38,3.9,False
YW11ITS,2023-11-21,05:31:04,2023-11-21,11:34:58,7.2,False
FX51JVW,2023-11-21,16:01:53,2023-11-21,20:41:05,5.4,False
SX22GBB,2023-11-21,08:07:49,2023-11-21,20:54:04,15.3,False
DD14FXM,2023-11-21,13:43:47,2023-11-21,17:37:48,4.5,False
BU68PXA,2023-11-21,11:08:34,2023-11-21,17:46:55,7.8,False
WC72SXT,2023-11-21,15:22:22,2023-11-21,16:13:02,0.9,False
LG59VWD,2023-11-21,18:21:33,2023-11-21,19:02:33,0.6,False
KN68SPY,2023-11-21,05:55:41,2023-11-21,22:23:56,19.5,False
CC72DVL,2023-11-21,11:44:07,2023-11-21,13:16:27,1.8,False
ND61XBK,2023-11-21,16:58:51,2023-11-21,20:53:01,4.5,False
HL16RLY,2023-11-21,07:26:11,2023-11-21,14:25:31,8.1,False
OM23QLP,2023-11-21,06:39:23,2023-11-21,16:54:39,12.3,False
ST22AQX,2023-11-21,05:46:51,2023-11-21,18:40:43,15.3,False
DA71PFL,2023-11-22,07:12:25,2023-11-22,13:34:09,7.5,False
DD69VGV,2023-11-22,17:26:15,2023-11-22,19:38:23,2.4,False
BR16LQQ,2023-11-22,10:09:41,2023-11-22,10:22:04,0.3,False
GG14XUS,2023-11-22,17:14:05,2023-11-22,22:01:36,5.7,False
DB54EAM,2023-11-22,13:04:30,2023-11-22,16:11:25,3.6,False
NH57XWC,2023-11-22,12:09:10,2023-11-22,22:00:19,11.7,False
DK68CRX,2023-11-22,12:08:26,2023-11-22,12:31:08,0.3,False
AS05XPD,2023-11-22,14:15:10,2023-11-22,16:44:45,2.7,False
OG57FZW,2023-11-22,10:55:33,2023-11-22,15:09:30,4.8,False
BO07WTQ,2023-11-22,10:53:30,2023-11-22,14:42:24,4.5,False
MH73XVN,2023-11-22,12:36:31,2023-11-22,18:47:27,7.2,False
LV13MLX,2023-11-22,18:47:06,2023-11-22,22:00:40,3.6,False
VN58KPR,2023-11-22,16:22:35,2023-11-22,18:55:43,3.0,False
BL69FTZ,2023-11-22,14:48:31,2023-11-22,18:00:35,3.6,False
GH59UKJ,2023-11-22,15:46:18,2023-11-22,17:07:17,1.5,False
DJ64QSC,2023-11-22,14:22:33,2023-11-22,18:40:54,5.1,False
MA67QIJ,2023-11-22,06:17:12,2023-11-22,12:57:46,7.8,False
KE55RXS,2023-11-22,15:47:50,2023-11-22,21:34:48,6.9,False
MO11QDM,2023-11-22,13:57:32,2023-11-22,21:34:16,9.0,False
BV69FOL,2023-11-22,08:25:37,2023-11-22,11:07:39,3.0,False
MV51JEC,2023-11-22,13:34:26,2023-11-22,20:09:00,7.8,False
AL72UPF,2023-11-22,11:33:06,2023-11-22,12:00:34,0.3,False
CV60YUC,2023-11-22,07:19:25,2023-11-22,07:41:37,0.3,False
OD04ITB,2023-11-22,18:47:58,2023-11-22,22:24:17,4.2,False
CK01UXG,2023-11-22,11:39:15,2023-11-22,13:15:31,1.8,False
PC02WLL,2023-11-22,05:41:27,2023-11-22,12:18:20,7.8,False
BB62PIQ,2023-11-22,09:54:46,2023-11-22,21:06:07,13.2,False
FE64RTC,2023-11-22,08:54:16,2023-11-22,10:48:25,2.1,False
CX02ZGH,2023-11-22,05:45:36,2023-11-22,09:55:47,4.8,False
HY57MDT,2023-11-22,19:23:05,2023-11-22,19:47:32,0.3,False
WN64WWI,2023-11-22,22:08:49,2023-11-22,22:14:49,0.3,False
GE63GIA,2023-11-22,19:02:53,2023-11-22,20:00:55,0.9,False
MW02TGE,2023-11-22,13:31:57,2023-11-22,21:56:09,9.9,False
KP51SQT,2023-11-22,12:48:13,2023-11-22,21:34:44,10.5,False
WA65JKU,2023-11-22,09:26:43,2023-11-22,20:23:12,12.9,False
BO04BOL,2023-11-22,16:30:17,2023-11-22,18:49:44,2.7,False
DJ58VZV,2023-11-22,08:48:21,2023-11-22,14:32:26,6.6,False
ES60APZ,2023-11-22,13:21:53,2023-11-22,18:37:59,6.3,False
BN64UUN,2023-11-22,14:26:46,2023-11-22,17:21:03,3.3,False
RL07IIZ,2023-11-22,08:19:46,2023-11-22,16:07:35,9.3,False
LV13MLX,2023-11-22,12:57:38,2023-11-22,21:52:34,10.5,False
DB69AKD,2023-11-22,05:41:30,2023-11-22,06:31:38,0.9,False
WG61VGC,2023-11-22,12:12:49,2023-11-22,14:19:29,2.4,False
GX55VPT,2023-11-22,13:27:11,2023-11-22,21:56:12,9.9,False
RY62QJB,2023-11-22,06:11:58,2023-11-22,20:42:41,17.4,False
RV71OHO,2023-11-22,06:12:26,2023-11-22,15:21:37,10.8,False
FS12KKT,2023-11-22,07:23:28,2023-11-22,12:10:43,5.7,False
ON51NRV,2023-11-22,13:28:22,2023-11-22,18:51:59,6.3,False
NF04OEG,2023-11-22,10:06:41,2023-11-22,13:40:41,4.2,False
MC67YXA,2023-11-23,11:52:01,2023-11-23,21:29:31,11.4,False
DN21EQX,2023-11-23,17:23:48,2023-11-23,18:26:43,1.2,False
AN12JCL,2023-11-23,18:01:07,2023-11-23,19:48:32,2.1,False
SP56MQQ,2023-11-23,14:37:29,2023-11-23,18:37:14,4.5,False
WH61QSD,2023-11-23,08:56:10,2023-11-23,16:32:08,9.0,False
NA57AFS,2023-11-23,11:18:35,2023-11-23,17:36:02,7.5,False
AK07ZLO,2023-11-23,15:23:21,2023-11-23,16:33:59,1.2,False
AC59XUF,2023-11-23,08:53:19,2023-11-23,11:16:53,2.7,False
OL10ACR,2023-11-23,07:40:18,2023-11-23,18:48:08,13.2,False
VL59XWZ,2023-11-23,11:16:05,2023-11-23,17:36:17,7.5,False
NF04OEG,2023-11-23,16:06:20,2023-11-23,19:01:19,3.3,False
NW73TNH,2023-11-23,07:36:03,2023-11-23,08:10:32,0.6,False
OX10XTB,2023-11-23,07:16:27,2023-11-23,21:12:49,16.5,False
EH01LPN,2023-11-23,08:47:51,2023-11-23,09:30:01,0.6,False
MP03GDV,2023-11-23,05:47:50,2023-11-23,15:19:32,11.4,False
ML23VXF,2023-11-23,10:25:19,2023-11-23,15:42:57,6.3,False
CT61MTM,2023-11-23,14:48:14,2023-11-23,19:26:19,5.4,False
AH23JAV,2023-11-23,08:12:11,2023-11-23,22:27:52,17.1,False
EY09RTF,2023-11-23,06:35:57,2023-11-23,15:44:26,10.8,False
GP70ZSF,2023-11-23,08:04:26,2023-11-23,19:20:28,13.5,False
LH59VVA,2023-11-23,08:41:05,2023-11-23,11:45:57,3.6,False
HW71QNV,2023-11-23,10:20:39,2023-11-23,14:52:35,5.4,False
ST12VSS,2023-11-23,12:35:09,2023-11-23,19:18:30,7.8,False
RT08UFL,2023-11-23,13:04:59,2023-11-23,18:56:08,6.9,False
GH60IJO,2023-11-23,14:16:23,2023-11-23,22:00:17,9.0,False
YT07LQY,2023-11-23,09:11:27,2023-11-23,14:52:35,6.6,False
EP17ISI,2023-11-23,11:07:15,2023-11-23,18:47:11,9.0,False
AC22LAT,2023-11-23,07:26:18,2023-11-23,09:33:38,2.4,False
OP61OFP,2023-11-23,06:48:27,2023-11-23,16:19:59,11.4,False
VH61ETF,2023-11-23,10:06:11,2023-11-23,16:33:20,7.5,False
NF58PVN,2023-11-23,16:45:57,2023-11-23,20:49:52,4.8,False
OK70DNJ,2023-11-23,07:18:49,2023-11-23,16:13:12,10.5,False
SX21CUK,2023-11-23,10:19:28,2023-11-23,11:22:54,1.2,False
VS62GKW,2023-11-23,14:22:55,2023-11-23,18:48:33,5.1,False
DE72CGQ,2023-11-23,07:27:29,2023-11-23,20:55:17,15.9,False
WY64FIF,2023-11-23,11:13:49,2023-11-23,22:25:38,13.2,False
RH53KBM,2023-11-23,15:53:35,2023-11-23,19:22:59,3.9,False
ET70MEZ,2023-11-23,12:05:30,2023-11-23,18:11:54,7.2,False
PR21HVD,2023-11-23,14:04:25,2023-11-23,17:40:31,4.2,False
CH62HTN,2023-11-23,09:28:06,2023-11-23,18:18:23,10.5,False
DL16ETD,2023-11-23,07:55:52,2023-11-23,13:25:02,6.3,False
AR19VTR,2023-11-23,17:03:28,2023-11-23,21:58:55,5.7,False
BX05JLG,2023-11-23,07:19:27,2023-11-23,12:46:34,6.3,False
WC05UOX,2023-11-23,09:42:16,2023-11-23,18:10:48,9.9,False
MW68OPK,2023-11-23,14:37:10,2023-11-23,21:47:50,8.4,False
HD69HHU,2023-11-23,07:28:01,2023-11-23,10:22:22,3.3,False
AO16YXW,2023-11-23,11:48:37,2023-11-23,19:03:32,8.4,False
EH51QYR,2023-11-23,17:54:27,2023-11-23,18:29:13,0.6,False
KN68SPY,2023-11-23,16:39:09,2023-11-23,21:38:09,5.7,False
